,pm10,pm25,so2,co,o3,no2,categori
0,51.0,65.0,45.0,9.0,8.0,79.0,SEDANG
1,27.0,34.0,45.0,5.0,8.0,56.0,SEDANG
2,40.17863682440021,52.0,46.0,6.0,9.0,51.0,SEDANG
3,46.0,65.0,46.0,8.0,9.0,38.0,SEDANG
4,37.0,55.0,47.0,7.0,11.0,28.0,SEDANG
5,43.0,62.0,50.0,7.0,15.0,14.0,SEDANG
6,40.0,52.0,48.0,8.0,12.0,10.0,SEDANG
7,40.0,62.0,48.0,12.0,12.0,18.0,SEDANG
8,33.0,44.0,47.0,14.0,12.0,24.0,BAIK
9,58.0,46.0,48.0,22.0,12.0,33.0,SEDANG
10,37.0,47.0,7.0,26.0,17.0,17.0,BAIK
11,63.0,96.0,11.0,26.0,27.0,52.0,SEDANG
12,67.0,97.0,14.0,28.0,28.0,62.0,SEDANG
13,62.0,78.0,13.0,25.0,24.0,52.0,SEDANG
14,48.0,63.0,12.0,30.0,24.0,51.0,SEDANG
15,67.0,102.0,13.0,34.0,26.0,58.0,TIDAK SEHAT
16,58.0,83.0,15.0,28.0,29.0,39.0,SEDANG
17,48.0,68.0,12.0,22.0,36.0,34.0,SEDANG
18,50.0,65.0,13.0,19.0,44.0,31.0,SEDANG
19,40.0,62.0,15.0,20.0,34.0,24.0,SEDANG
20,55.0,76.0,14.0,26.0,37.0,34.0,SEDANG
21,40.0,54.0,10.0,18.0,31.0,26.0,SEDANG
22,24.0,45.0,9.0,15.0,30.0,24.0,BAIK
23,33.0,53.0,10.0,20.0,31.0,29.0,SEDANG
24,27.0,47.0,9.0,17.0,34.0,23.0,BAIK
25,27.0,46.0,9.0,19.0,27.0,25.0,BAIK
26,32.0,52.0,13.0,17.0,25.0,20.0,SEDANG
27,46.0,69.0,12.0,21.0,35.0,32.0,SEDANG
28,44.0,60.0,11.0,24.0,33.0,37.0,SEDANG
29,41.0,60.0,14.0,21.0,25.0,38.0,SEDANG
30,57.0,77.0,20.0,22.0,24.0,33.0,SEDANG
31,40.0,52.0,13.0,18.0,24.0,25.0,SEDANG
32,53.0,71.0,13.0,22.0,23.0,40.0,SEDANG
33,52.0,70.0,14.0,25.0,17.0,41.0,SEDANG
34,50.0,71.0,13.0,25.0,22.0,49.0,SEDANG
35,52.0,69.0,11.0,23.0,31.0,51.0,SEDANG
36,41.0,58.0,13.0,19.0,26.0,35.0,SEDANG
37,53.0,73.0,19.0,22.0,20.0,34.0,SEDANG
38,51.0,74.0,13.0,25.0,28.0,34.0,SEDANG
39,50.0,65.0,13.0,17.0,28.0,28.0,SEDANG
40,53.0,70.0,16.0,18.0,27.0,33.0,SEDANG
41,78.0,111.0,58.0,15.0,35.0,44.0,TIDAK SEHAT
42,80.0,109.0,58.0,12.0,30.0,48.0,TIDAK SEHAT
43,71.0,93.0,56.0,13.0,30.0,32.0,SEDANG
44,56.0,69.0,58.0,15.0,27.0,58.0,SEDANG
45,75.0,112.0,56.0,30.0,21.0,63.0,TIDAK SEHAT
46,59.0,83.0,55.0,18.0,18.0,38.0,SEDANG
47,52.0,71.0,55.0,13.0,24.0,19.0,SEDANG
48,55.0,82.0,56.0,14.0,29.0,21.0,SEDANG
49,43.0,67.0,55.0,11.0,22.0,18.0,SEDANG
50,65.0,95.0,56.0,23.0,26.0,27.0,SEDANG
51,34.0,55.0,54.0,6.0,14.0,18.0,SEDANG
52,34.0,57.0,55.0,18.0,10.0,52.0,SEDANG
53,32.0,55.0,54.0,7.0,14.0,19.0,SEDANG
54,28.0,52.0,54.0,11.0,11.0,34.0,SEDANG
55,36.0,58.0,54.0,9.0,10.0,41.0,SEDANG
56,48.0,72.0,54.0,11.0,14.0,24.0,SEDANG
57,39.0,59.0,54.0,12.0,15.0,34.0,SEDANG
58,35.0,58.0,54.0,11.0,15.0,33.0,SEDANG
59,54.0,79.0,54.0,20.0,12.0,60.0,SEDANG
60,50.0,68.0,54.0,13.0,11.0,43.0,SEDANG
61,54.0,74.0,55.0,18.0,11.0,64.0,SEDANG
62,57.0,81.0,54.0,14.0,11.0,39.0,SEDANG
63,43.0,63.0,54.0,14.0,15.0,37.0,SEDANG
64,46.0,63.0,54.0,13.0,16.0,23.0,SEDANG
65,40.0,60.0,54.0,9.0,14.0,28.0,SEDANG
66,48.0,63.0,54.0,14.0,9.0,63.0,SEDANG
67,50.0,68.0,54.0,16.0,11.0,68.0,SEDANG
68,55.0,13.0,54.0,11.0,14.0,27.0,SEDANG
69,57.0,16.0,54.0,9.0,14.0,24.0,SEDANG
70,83.0,113.0,27.0,27.0,13.0,8.0,TIDAK SEHAT
71,40.0,57.0,56.0,10.0,23.0,16.0,SEDANG
72,27.0,46.0,54.0,5.0,28.0,21.44734126505559,SEDANG
73,36.0,59.0,55.0,14.0,22.0,33.0,SEDANG
74,31.0,53.0,54.0,7.0,27.0,8.0,SEDANG
75,33.0,55.0,55.0,11.0,21.0,26.0,SEDANG
76,36.0,57.0,55.0,7.0,21.0,17.0,SEDANG
77,49.0,67.0,54.0,6.0,32.0,10.0,SEDANG
78,52.0,70.0,55.0,13.0,23.0,27.0,SEDANG
79,51.0,64.0,55.0,8.0,20.0,21.0,SEDANG
80,62.0,87.0,56.0,10.0,18.0,27.0,SEDANG
81,42.0,53.0,55.0,6.0,22.0,6.0,SEDANG
82,52.0,70.0,55.0,11.0,18.0,26.0,SEDANG
83,54.0,71.0,55.0,8.0,23.0,18.0,SEDANG
84,48.0,70.0,55.0,11.0,22.0,26.0,SEDANG
85,57.0,76.0,55.0,9.0,27.0,23.0,SEDANG
86,51.0,65.0,55.0,8.0,23.0,22.0,SEDANG
87,59.0,76.0,55.0,10.0,17.0,47.0,SEDANG
88,52.0,73.0,55.0,13.0,24.0,43.0,SEDANG
89,55.0,68.0,55.0,5.0,28.0,9.0,SEDANG
90,52.0,72.0,55.0,6.0,25.0,12.0,SEDANG
91,55.0,83.0,51.0,20.0,17.0,43.0,SEDANG
92,56.0,81.0,51.0,16.0,25.0,31.0,SEDANG
93,59.0,80.0,51.0,16.0,31.0,20.0,SEDANG
94,35.0,56.0,51.0,17.0,16.0,52.0,SEDANG
95,61.0,96.0,52.0,30.0,10.0,78.0,SEDANG
96,62.0,92.0,52.0,19.0,16.0,65.0,SEDANG
97,52.0,69.0,52.0,11.0,19.0,31.0,SEDANG
98,47.0,69.0,52.0,12.0,25.0,32.0,SEDANG
99,54.0,84.0,52.0,11.0,22.0,43.0,SEDANG
100,56.0,82.0,51.0,24.0,17.0,38.0,SEDANG
101,20.0,50.0,54.0,11.0,12.0,47.0,SEDANG
102,51.0,68.0,58.0,16.0,18.0,53.0,SEDANG
103,56.0,77.0,61.0,11.0,31.0,43.0,SEDANG
104,44.0,54.0,56.0,11.0,19.0,27.0,SEDANG
105,27.0,39.0,57.0,11.0,14.0,52.0,SEDANG
106,35.0,54.0,57.0,10.0,16.0,28.0,SEDANG
107,37.0,51.0,57.0,8.0,16.0,22.0,SEDANG
108,52.0,67.0,58.0,12.0,14.0,32.0,SEDANG
109,64.0,89.0,52.0,9.0,13.0,30.0,SEDANG
110,53.0,93.0,52.0,4.0,12.0,28.0,SEDANG
111,52.0,57.0,52.0,6.0,12.0,27.0,SEDANG
112,30.0,53.56080093201692,112.0,20.0,8.0,77.0,TIDAK SEHAT
113,22.0,54.0,46.0,15.0,24.0,44.0,SEDANG
114,49.0,68.0,46.0,12.0,38.0,36.0,SEDANG
115,52.0,77.0,45.0,14.0,34.0,44.0,SEDANG
116,49.0,52.0,46.0,10.0,27.0,32.0,SEDANG
117,50.0,62.0,48.0,13.0,25.0,31.0,SEDANG
118,49.0,66.0,49.0,10.0,34.0,41.0,SEDANG
119,51.0,58.0,47.0,10.0,24.0,36.0,SEDANG
120,30.0,26.0,45.0,8.0,18.0,21.0,BAIK
121,34.0,53.0,46.0,8.0,25.0,25.0,SEDANG
122,39.0,49.0,45.0,6.0,20.0,20.0,BAIK
123,55.0,72.0,47.0,10.0,21.0,30.0,SEDANG
124,41.0,47.0,48.0,10.0,25.0,24.0,BAIK
125,45.0,54.0,51.0,8.0,16.0,30.0,SEDANG
126,45.0,58.0,47.0,11.0,14.0,27.0,SEDANG
127,19.0,31.0,46.0,7.1094446798174875,12.0,20.0,BAIK
128,26.0,28.0,44.0,8.528621337433842,17.0,17.0,BAIK
129,36.0,50.0,46.0,6.0,15.0,14.0,BAIK
130,24.0,26.0,44.0,3.0,17.0,11.0,BAIK
131,20.0,38.0,44.0,5.0,15.0,12.0,BAIK
132,31.0,37.0,45.0,8.0,14.0,14.0,BAIK
133,43.0,56.0,48.0,11.0,14.0,22.0,SEDANG
134,39.0,59.0,48.0,9.0,17.0,26.0,SEDANG
135,21.0,18.0,45.0,7.643190767128027,17.0,22.0,BAIK
136,35.0,53.0,45.0,13.0,17.0,30.0,SEDANG
137,30.0,47.240497992442506,44.0,8.0,17.0,28.0,BAIK
138,39.0,67.0,46.0,31.0,14.0,28.0,SEDANG
139,25.0,49.0,47.0,19.0,24.0,30.0,BAIK
140,67.0,103.0,34.0,18.0,26.0,29.32784871130525,TIDAK SEHAT
141,53.0,74.0,35.0,9.0,27.0,22.06847938660813,SEDANG
142,43.0,56.0,42.82337925077387,7.0,25.0,20.0,SEDANG
143,42.0,62.0,57.0,10.0,22.0,20.0,SEDANG
144,38.0,55.0,56.0,14.0,16.0,45.0,SEDANG
145,46.0,68.0,58.0,9.0,29.0,26.0,SEDANG
146,59.0,87.0,59.0,14.0,34.0,29.0,SEDANG
147,44.0,55.0,57.0,11.0,19.0,23.0,SEDANG
148,29.0,50.0,58.0,6.0,14.0,32.0,SEDANG
149,35.0,51.0,59.0,8.0,12.0,44.0,SEDANG
150,47.0,58.0,57.0,15.0,12.0,44.0,SEDANG
151,21.0,32.0,56.0,8.0,12.0,21.0,SEDANG
152,25.0,32.0,54.0,7.0,13.0,18.0,SEDANG
153,31.0,48.0,54.0,8.0,13.0,18.0,SEDANG
154,21.0,30.0,53.0,6.0,13.0,11.0,SEDANG
155,29.0,38.0,53.0,6.0,12.0,14.0,SEDANG
156,29.0,41.0,53.0,7.0,13.0,17.0,SEDANG
157,40.0,58.0,55.0,9.0,14.0,38.0,SEDANG
158,55.0,69.0,59.0,7.0,14.0,43.0,SEDANG
159,24.0,23.0,53.0,5.0,16.0,17.0,SEDANG
160,39.0,55.0,54.0,15.0,14.0,47.0,SEDANG
161,37.0,51.0,53.0,12.0,13.0,48.0,SEDANG
162,51.0,64.0,54.0,17.0,13.0,68.0,SEDANG
163,25.0,44.0,53.0,8.0,19.0,26.0,SEDANG
164,74.0,110.0,10.0,20.0,24.0,10.0,TIDAK SEHAT
165,56.0,80.0,12.0,11.0,27.0,13.0,SEDANG
166,54.0,66.0,13.0,7.0,18.0,14.0,SEDANG
167,53.0,72.0,13.0,10.0,20.0,15.0,SEDANG
168,61.0,62.0,10.0,14.0,17.0,19.0,SEDANG
169,51.0,70.0,11.0,10.0,31.0,16.0,SEDANG
170,62.0,84.0,10.0,15.0,23.0,19.0,SEDANG
171,55.0,76.0,10.0,22.0,21.0,20.0,SEDANG
172,61.0,84.0,12.0,14.0,17.0,14.0,SEDANG
173,70.0,102.0,12.0,11.0,26.0,13.0,TIDAK SEHAT
174,63.0,81.0,11.0,16.0,17.0,19.0,SEDANG
175,37.0,49.0,10.0,11.0,10.0,8.0,BAIK
176,45.0,62.0,10.0,10.0,15.0,13.0,SEDANG
177,50.0,64.0,11.0,9.0,16.0,10.0,SEDANG
178,58.0,78.0,10.0,12.0,15.0,15.0,SEDANG
179,49.0,62.0,11.0,6.0,11.0,9.0,SEDANG
180,42.0,56.0,10.0,7.0,8.0,9.0,SEDANG
181,53.0,67.0,13.0,13.0,6.0,12.0,SEDANG
182,30.0,36.0,24.0,7.0,6.0,8.0,BAIK
183,28.0,46.0,24.0,8.0,7.0,8.0,BAIK
184,50.0,64.0,24.0,8.0,7.0,6.0,SEDANG
185,31.0,50.0,24.0,4.0,7.0,3.0,BAIK
186,36.0,58.0,24.0,5.0,9.0,6.0,SEDANG
187,46.0,61.0,24.0,6.0,7.0,6.0,SEDANG
188,46.0,62.0,25.0,7.0,12.0,8.0,SEDANG
189,58.0,77.0,27.0,7.0,16.0,14.0,SEDANG
190,38.0,47.0,24.0,5.0,11.0,10.0,BAIK
191,43.0,59.0,24.0,16.0,10.0,14.0,SEDANG
192,51.0,63.0,24.0,14.0,11.0,13.0,SEDANG
193,71.0,82.0,24.0,23.0,13.0,12.0,SEDANG
194,40.0,57.0,25.0,7.0,17.0,15.0,SEDANG
195,58.0,99.0,40.0,18.0,55.0,12.0,SEDANG
196,40.0,68.0,40.0,9.0,65.0,11.0,SEDANG
197,32.0,54.0,39.0,7.0,63.0,10.0,SEDANG
198,38.0,59.0,46.0,10.0,55.0,12.0,SEDANG
199,30.0,52.0,37.0,15.0,48.0,15.0,SEDANG
200,32.0,64.0,39.0,12.0,61.0,14.0,SEDANG
201,53.0,86.0,40.0,23.0,62.0,21.841255523836264,SEDANG
202,37.0,55.0,38.0,12.0,43.0,17.745644075859936,SEDANG
203,54.0,81.0,21.0,18.0,35.0,3.0,SEDANG
204,43.0,73.0,18.0,11.0,70.0,7.0,SEDANG
205,37.0,60.0,12.0,57.0,51.0,6.0,SEDANG
206,28.0,20.0,11.0,6.0,43.0,4.0,BAIK
207,25.0,52.0,21.0,8.0,38.0,6.0,SEDANG
208,30.0,50.0,19.0,8.0,58.0,6.0,SEDANG
209,51.0,81.0,24.0,11.0,55.0,11.0,SEDANG
210,23.0,49.0,24.0,5.0,43.0,6.0,BAIK
211,34.0,57.0,39.0,7.0,47.0,8.0,SEDANG
212,37.0,56.0,25.0,8.0,39.0,8.0,SEDANG
213,16.0,29.0,19.0,6.0,46.0,6.0,BAIK
214,17.0,28.0,33.0,7.0,23.0,6.0,BAIK
215,26.0,51.0,37.0,10.0,18.0,5.0,SEDANG
216,14.0,23.0,31.0,9.0,19.0,2.0,BAIK
217,17.0,40.0,31.0,9.0,17.0,3.0,BAIK
218,23.0,44.0,32.0,10.0,17.0,3.0,BAIK
219,36.0,60.0,38.0,12.0,19.0,4.0,SEDANG
220,27.0,54.0,37.0,10.0,26.0,9.0,SEDANG
221,25.0,28.0,30.0,8.0,35.0,12.0,BAIK
222,46.0,66.0,31.0,18.0,34.0,16.0,SEDANG
223,30.0,53.0,29.0,14.0,35.0,14.0,SEDANG
224,40.0,63.0,29.0,15.0,37.0,16.0,SEDANG
225,22.0,49.0,33.0,9.0,40.0,17.0,BAIK
226,65.0,89.0,14.0,54.0,13.0,41.98867824850422,SEDANG
227,52.0,73.0,14.0,38.0,17.0,31.880985244109596,SEDANG
228,47.0,57.0,14.0,31.0,9.0,29.096219186071536,SEDANG
229,54.0,73.0,14.0,34.0,13.0,31.188071426457824,SEDANG
230,39.0,58.0,15.0,46.0,14.0,34.58562011982725,SEDANG
231,45.0,67.0,15.0,34.0,22.0,3.0,SEDANG
232,54.0,70.0,15.0,70.0,14.0,24.0,SEDANG
233,51.0,72.0,15.0,68.0,20.0,15.0,SEDANG
234,55.0,67.0,15.0,46.0,13.0,22.0,SEDANG
235,47.0,67.0,34.0,11.0,20.0,42.0,SEDANG
236,58.0,80.0,35.0,15.0,17.0,43.0,SEDANG
237,37.0,48.0,43.0,8.0,3.0,56.0,SEDANG
238,50.0,66.0,44.0,7.0,11.0,55.0,SEDANG
239,42.0,52.0,43.0,10.0,10.0,57.0,SEDANG
240,57.0,78.0,43.0,17.0,5.0,54.0,SEDANG
241,47.0,60.0,44.0,7.0,6.0,57.0,SEDANG
242,50.0,65.0,46.0,8.0,5.0,29.142767436452285,SEDANG
243,56.0,76.0,49.0,13.0,6.0,23.0,SEDANG
244,32.0,34.0,45.0,6.0,9.0,76.0,SEDANG
245,32.0,45.0,44.0,7.0,8.0,66.0,SEDANG
246,81.0,112.0,27.0,26.0,10.0,11.0,TIDAK SEHAT
247,70.0,97.0,27.0,20.0,15.0,8.0,SEDANG
248,49.0,70.0,27.0,30.0,13.0,11.0,SEDANG
249,86.0,116.0,28.0,34.0,11.0,9.0,TIDAK SEHAT
250,61.0,92.0,28.0,28.0,14.0,12.0,SEDANG
251,60.0,83.0,28.0,19.0,19.0,7.0,SEDANG
252,55.0,76.0,28.0,20.0,19.0,9.0,SEDANG
253,53.0,77.0,28.0,20.0,19.0,11.0,SEDANG
254,73.0,96.0,28.0,33.0,14.0,10.0,SEDANG
255,45.0,62.0,28.0,17.0,15.0,8.0,SEDANG
256,31.0,51.0,28.0,13.0,12.0,5.0,SEDANG
257,44.0,61.0,28.0,23.0,9.0,7.0,SEDANG
258,37.0,60.0,28.0,15.0,13.0,6.0,SEDANG
259,31.0,54.0,28.0,18.0,10.0,6.0,SEDANG
260,43.0,64.0,28.0,16.0,11.0,6.0,SEDANG
261,51.0,76.0,28.0,17.0,19.0,8.0,SEDANG
262,52.0,67.0,28.0,21.0,14.0,10.0,SEDANG
263,44.0,64.0,28.0,21.0,12.0,9.0,SEDANG
264,69.0,95.0,29.0,22.0,9.0,7.0,SEDANG
265,58.0,76.0,28.0,18.0,10.0,6.0,SEDANG
266,64.0,83.0,29.0,26.0,9.0,7.0,SEDANG
267,63.0,84.0,29.0,23.0,11.0,6.0,SEDANG
268,53.0,74.0,28.0,21.0,14.0,8.0,SEDANG
269,58.0,79.0,28.0,13.0,12.0,8.0,SEDANG
270,56.0,71.0,29.0,12.0,13.0,6.0,SEDANG
271,62.0,80.0,29.0,18.0,10.0,3.0,SEDANG
272,60.0,80.0,29.0,24.0,14.0,3.0,SEDANG
273,60.0,81.0,29.0,13.0,18.0,5.0,SEDANG
274,70.0,91.0,29.0,16.0,18.0,6.0,SEDANG
275,64.0,104.0,22.0,30.0,76.0,28.0,TIDAK SEHAT
276,72.0,120.0,23.0,35.0,69.0,32.0,TIDAK SEHAT
277,58.0,95.0,24.0,24.0,74.0,27.0,SEDANG
278,51.0,77.0,24.0,28.0,62.0,24.0,SEDANG
279,74.0,125.0,22.0,31.0,69.0,27.0,TIDAK SEHAT
280,55.0,83.0,24.0,22.0,55.0,15.0,SEDANG
281,52.0,77.0,24.0,20.0,71.0,12.0,SEDANG
282,45.0,73.0,25.0,18.0,77.0,13.0,SEDANG
283,41.0,68.0,27.0,15.0,60.0,10.0,SEDANG
284,57.0,85.0,24.0,25.0,62.0,17.0,SEDANG
285,35.0,58.0,24.0,17.0,62.0,15.0,SEDANG
286,25.0,51.0,22.0,14.0,74.0,8.0,SEDANG
287,35.0,61.0,24.0,23.0,62.0,16.0,SEDANG
288,28.0,55.0,22.0,15.0,79.0,8.0,SEDANG
289,30.0,54.0,23.0,20.0,62.0,14.0,SEDANG
290,23.0,53.0,25.0,17.0,60.0,11.0,SEDANG
291,41.0,71.0,23.0,18.0,77.0,14.0,SEDANG
292,44.0,69.0,23.0,21.0,67.0,18.0,SEDANG
293,34.0,61.0,25.0,18.0,57.0,19.0,SEDANG
294,57.0,90.0,27.0,25.0,59.0,19.0,SEDANG
295,68.0,60.0,23.0,20.0,67.0,15.0,SEDANG
296,56.0,85.0,24.0,26.0,56.0,22.0,SEDANG
297,56.0,75.0,16.0,21.0,29.0,44.0,SEDANG
298,53.0,79.0,12.0,23.0,32.0,41.0,SEDANG
299,53.0,66.0,54.0,23.0,12.0,76.0,SEDANG
300,50.0,62.0,55.0,10.0,20.0,42.0,SEDANG
301,35.0,41.0,54.0,6.0,20.0,31.0,SEDANG
302,39.0,55.0,54.0,8.0,22.0,32.0,SEDANG
303,30.0,54.0,54.0,9.0,20.0,31.0,SEDANG
304,31.0,51.0,54.0,5.0,19.0,19.0,SEDANG
305,31.0,46.0,55.0,6.0,19.0,25.0,SEDANG
306,24.0,44.0,54.0,4.0,20.0,12.0,SEDANG
307,33.0,45.0,55.0,6.0,13.0,24.0,SEDANG
308,63.0,86.0,55.0,30.0,14.0,85.0,SEDANG
309,46.0,61.0,54.0,10.0,19.0,37.0,SEDANG
310,33.0,55.0,54.0,3.0,23.0,14.0,SEDANG
311,41.0,58.0,54.0,5.0,22.0,22.0,SEDANG
312,37.0,50.0,54.0,4.0,23.0,21.0,SEDANG
313,36.0,44.0,54.0,10.0,15.0,36.0,SEDANG
314,26.0,32.0,54.0,6.0,18.0,18.0,SEDANG
315,45.0,62.0,14.0,30.0,23.0,37.0,SEDANG
316,43.0,64.0,17.0,22.0,15.0,37.0,SEDANG
317,33.0,51.0,17.0,20.0,22.0,27.0,SEDANG
318,34.0,54.0,14.0,19.0,20.0,25.0,SEDANG
319,24.0,43.0,13.0,19.0,20.0,22.0,BAIK
320,25.0,38.0,15.0,17.0,17.0,21.0,BAIK
321,23.0,35.0,14.0,17.0,20.0,21.0,BAIK
322,19.0,34.0,13.0,15.0,22.0,15.0,BAIK
323,29.0,30.0,17.0,17.0,19.0,21.0,BAIK
324,53.0,72.0,17.0,27.0,20.0,35.0,SEDANG
325,35.0,47.0,12.0,17.0,14.0,21.0,BAIK
326,31.0,50.0,11.0,13.0,21.0,19.0,BAIK
327,42.0,60.0,14.0,15.0,19.0,25.0,SEDANG
328,36.0,52.0,12.0,17.0,17.0,29.0,SEDANG
329,32.0,44.0,15.0,16.0,22.0,22.0,BAIK
330,23.0,27.0,13.0,13.0,23.0,20.0,BAIK
331,24.0,37.0,14.0,12.0,21.0,16.0,BAIK
332,22.0,35.0,16.0,11.0,20.0,17.0,BAIK
333,29.0,47.0,14.0,13.0,18.0,18.0,BAIK
334,27.0,47.0,13.0,17.0,10.0,16.0,BAIK
335,28.0,51.0,18.0,16.0,11.0,18.0,SEDANG
336,24.0,28.0,10.0,17.0,17.0,26.0,BAIK
337,63.0,100.0,15.0,31.0,30.0,47.0,SEDANG
338,52.0,71.0,13.0,15.0,38.0,30.0,SEDANG
339,44.0,64.0,13.0,16.0,25.0,39.0,SEDANG
340,52.0,73.0,13.0,21.0,25.0,37.0,SEDANG
341,57.0,77.0,13.0,22.0,17.0,43.0,SEDANG
342,62.0,92.0,19.0,22.0,33.0,45.0,SEDANG
343,62.0,90.0,16.0,19.0,35.0,50.0,SEDANG
344,45.0,16.0,51.0,14.0,15.0,48.0,SEDANG
345,49.0,12.0,27.0,34.0,17.0,13.0,BAIK
346,55.0,69.0,25.0,28.0,8.0,6.0,SEDANG
347,59.0,72.0,26.0,21.0,8.0,7.0,SEDANG
348,46.0,58.0,26.0,21.0,6.0,7.0,SEDANG
349,49.0,61.0,26.0,25.0,8.0,5.0,SEDANG
350,39.0,56.0,26.0,22.0,6.0,4.0,SEDANG
351,27.0,34.0,55.0,6.0,15.0,17.0,SEDANG
352,26.0,33.0,55.0,5.0,16.0,17.0,SEDANG
353,32.0,46.0,55.0,5.0,17.0,21.0,SEDANG
354,26.0,52.0,54.0,6.0,15.0,19.0,SEDANG
355,31.0,55.0,55.0,5.0,17.0,19.0,SEDANG
356,26.0,34.0,54.0,4.0,19.0,26.0,SEDANG
357,70.0,111.0,55.0,22.0,28.0,82.0,TIDAK SEHAT
358,55.0,69.0,55.0,5.0,32.0,19.0,SEDANG
359,53.0,66.0,56.0,5.0,33.0,16.0,SEDANG
360,63.0,83.0,58.0,8.0,25.0,42.0,SEDANG
361,57.0,68.0,56.0,4.0,24.0,19.0,SEDANG
362,65.0,90.0,55.0,8.0,40.0,30.0,SEDANG
363,69.0,91.0,56.0,11.0,39.0,31.0,SEDANG
364,65.0,83.0,59.0,11.0,31.0,33.0,SEDANG
365,60.0,82.0,55.0,11.0,33.0,34.0,SEDANG
366,46.0,66.0,50.0,14.0,15.0,28.0,SEDANG
367,48.0,64.0,50.0,11.0,9.0,20.0,SEDANG
368,48.0,57.0,50.0,12.0,5.0,20.0,SEDANG
369,43.0,56.0,50.0,14.0,13.0,61.0,SEDANG
370,44.0,56.0,50.0,9.0,13.0,62.0,SEDANG
371,48.0,61.0,50.0,8.0,9.0,58.0,SEDANG
372,38.0,52.0,50.0,6.0,10.0,52.0,SEDANG
373,23.0,28.0,49.0,3.0,13.0,34.0,BAIK
374,29.0,25.0,50.0,4.0,12.0,40.0,BAIK
375,54.0,73.0,51.0,21.0,11.0,91.0,SEDANG
376,51.0,63.0,51.0,20.0,14.453730882355142,79.0,SEDANG
377,41.0,55.0,52.0,7.0,15.0,38.0,SEDANG
378,54.0,68.0,51.0,9.0,16.0,44.0,SEDANG
379,48.93056517292165,65.0,51.0,11.0,12.0,43.0,SEDANG
380,23.0,40.0,51.0,8.0,10.0,62.0,SEDANG
381,16.0,26.0,51.0,4.0,12.0,53.0,SEDANG
382,18.0,21.0,51.0,5.0,10.0,58.0,SEDANG
383,22.0,40.0,51.0,5.0,11.0,51.0,SEDANG
384,43.0,63.0,51.0,9.0,10.0,75.0,SEDANG
385,41.0,62.0,51.0,7.0,10.0,49.0,SEDANG
386,50.0,68.0,51.0,8.0,13.0,62.0,SEDANG
387,38.0,53.0,51.0,9.0,14.0,40.0,SEDANG
388,59.0,99.0,51.0,27.0,21.0,106.0,TIDAK SEHAT
389,54.0,73.0,51.0,10.0,25.0,31.0,SEDANG
390,44.0,61.0,51.0,8.0,23.0,29.0,SEDANG
391,44.0,68.0,51.0,13.0,19.0,54.0,SEDANG
392,57.0,84.0,52.0,15.0,18.0,37.0,SEDANG
393,63.0,90.0,51.0,23.0,18.0,72.0,SEDANG
394,56.0,16.0,51.0,13.0,20.0,29.0,SEDANG
395,37.0,55.0,26.0,18.0,5.0,3.0,SEDANG
396,31.0,47.0,26.0,18.0,6.0,2.0,BAIK
397,26.0,39.0,26.0,15.0,6.0,2.0,BAIK
398,30.0,30.0,26.0,16.0,6.0,3.0,BAIK
399,72.0,96.0,26.0,39.0,5.0,8.0,SEDANG
400,70.0,78.0,26.0,27.0,8.0,4.0,SEDANG
401,37.0,53.0,26.0,17.0,6.0,2.0,SEDANG
402,49.0,64.0,26.0,19.0,7.0,4.0,SEDANG
403,52.0,65.0,26.0,21.0,6.0,4.0,SEDANG
404,38.0,45.0,26.0,21.0,6.0,4.0,BAIK
405,24.0,31.0,26.0,17.0,5.0,3.0,BAIK
406,23.0,31.0,26.0,16.0,5.0,4.0,BAIK
407,30.0,51.0,26.0,17.0,4.0,3.0,SEDANG
408,53.0,67.0,27.0,20.0,4.0,3.0,SEDANG
409,43.0,59.0,27.0,19.0,3.0,4.0,SEDANG
410,48.0,67.0,27.0,21.0,4.0,4.0,SEDANG
411,70.0,122.0,27.0,40.0,8.0,11.0,TIDAK SEHAT
412,57.0,78.0,27.0,18.0,11.0,7.0,SEDANG
413,50.0,69.0,27.0,17.0,12.0,4.0,SEDANG
414,64.8035046927592,93.0,27.0,23.0,9.0,7.0,SEDANG
415,64.0,92.0,27.0,25.0,8.0,9.0,SEDANG
416,90.0,128.0,27.0,27.0,12.0,10.0,TIDAK SEHAT
417,74.0,96.0,27.0,23.0,10.0,11.0,SEDANG
418,62.0,86.0,27.0,23.0,13.0,9.0,SEDANG
419,61.0,82.0,27.0,27.0,13.0,9.0,SEDANG
420,52.0,82.0,21.0,29.0,50.0,13.0,SEDANG
421,41.0,69.0,23.0,21.0,54.0,21.0,SEDANG
422,35.0,54.0,22.0,19.0,51.0,14.0,SEDANG
423,33.0,60.0,22.0,18.0,42.0,10.0,SEDANG
424,18.0,38.0,21.0,14.0,46.0,6.0,BAIK
425,18.0,34.0,23.0,13.0,49.0,6.0,BAIK
426,22.0,28.0,22.0,13.0,48.0,6.0,BAIK
427,17.0,28.0,22.0,12.0,46.0,4.0,BAIK
428,27.0,41.0,25.0,14.0,45.0,10.0,BAIK
429,56.0,92.0,25.0,36.0,48.0,18.0,SEDANG
430,42.0,60.0,20.0,24.0,57.0,9.0,SEDANG
431,30.0,56.0,21.0,15.0,51.0,10.0,SEDANG
432,40.0,64.0,22.0,17.0,53.0,13.0,SEDANG
433,35.0,61.0,21.0,18.0,57.0,16.0,SEDANG
434,32.0,45.0,23.0,16.0,43.0,9.0,BAIK
435,21.0,33.0,23.0,14.0,46.0,9.0,BAIK
436,26.0,39.0,23.0,12.0,45.0,7.0,BAIK
437,18.0,39.0,27.0,12.0,41.0,7.0,BAIK
438,21.0,50.0,23.0,14.0,34.0,6.0,BAIK
439,23.0,54.0,22.0,15.0,22.0,5.0,SEDANG
440,40.0,65.0,27.0,16.0,31.0,7.0,SEDANG
441,31.0,43.0,21.0,17.0,55.0,14.0,SEDANG
442,59.0,108.0,23.0,39.0,59.0,19.0,TIDAK SEHAT
443,54.0,83.0,25.0,19.0,74.0,16.0,SEDANG
444,42.0,64.0,30.0,18.0,65.0,15.0,SEDANG
445,51.0,81.0,25.0,23.0,58.0,22.0,SEDANG
446,56.0,86.0,24.0,23.0,59.0,25.0,SEDANG
447,63.0,109.0,27.0,26.0,61.0,22.0,TIDAK SEHAT
448,65.0,104.0,27.0,24.0,70.0,26.0,TIDAK SEHAT
449,60.0,87.0,24.0,25.0,68.0,21.0,SEDANG
450,57.0,94.0,22.0,28.0,79.0,22.0,SEDANG
451,52.0,78.0,23.0,22.0,61.0,20.0,SEDANG
452,52.0,78.0,25.0,21.0,70.0,20.0,SEDANG
453,49.0,75.0,23.0,22.0,83.0,22.0,SEDANG
454,47.0,70.0,30.0,14.0,45.0,13.0,SEDANG
455,51.0,75.0,23.0,26.0,59.0,17.0,SEDANG
456,49.0,72.0,23.0,20.0,68.0,15.0,SEDANG
457,44.0,66.0,24.0,17.0,72.0,12.0,SEDANG
458,47.0,75.0,24.0,18.0,73.0,17.0,SEDANG
459,47.0,63.0,15.0,19.0,26.0,34.0,SEDANG
460,54.0,75.0,14.0,18.0,27.0,30.0,SEDANG
461,58.0,85.0,13.0,24.0,30.0,43.0,SEDANG
462,62.0,87.0,14.0,24.0,25.0,50.0,SEDANG
463,60.0,88.0,14.0,27.0,22.0,47.0,SEDANG
464,59.0,82.0,15.0,18.0,26.0,38.0,SEDANG
465,64.0,92.0,16.0,20.0,23.0,42.0,SEDANG
466,63.0,87.0,19.0,18.0,20.0,47.0,SEDANG
467,62.0,93.0,16.0,18.0,22.0,44.0,SEDANG
468,56.0,84.0,19.0,12.0,30.0,27.0,SEDANG
469,52.0,74.0,18.0,11.0,28.0,27.0,SEDANG
470,53.0,75.0,18.0,10.0,28.0,27.0,SEDANG
471,52.0,64.0,16.0,8.0,25.0,25.0,SEDANG
472,61.0,85.0,18.0,10.0,28.0,39.0,SEDANG
473,62.0,78.0,14.0,20.0,26.0,40.0,SEDANG
474,65.0,98.0,19.0,17.0,28.0,40.0,SEDANG
475,64.0,86.0,17.0,17.0,21.0,39.0,SEDANG
476,67.0,97.0,18.0,20.0,18.0,48.0,SEDANG
477,63.0,92.0,15.0,17.0,25.0,36.0,SEDANG
478,65.0,91.0,17.0,15.0,26.0,32.0,SEDANG
479,62.0,97.0,25.0,14.0,23.0,45.0,SEDANG
480,65.0,92.0,20.0,12.0,24.0,37.0,SEDANG
481,59.0,78.0,20.0,11.0,22.0,32.0,SEDANG
482,60.0,74.0,16.0,13.0,19.0,30.0,SEDANG
483,39.0,53.0,12.0,15.0,16.0,30.0,SEDANG
484,61.0,82.0,26.0,21.0,19.0,38.0,SEDANG
485,64.0,92.0,22.0,15.0,25.0,39.0,SEDANG
486,67.0,100.0,18.0,14.0,29.0,42.0,SEDANG
487,64.0,86.0,19.0,10.0,32.0,36.0,SEDANG
488,59.0,85.0,19.0,8.0,29.0,38.0,SEDANG
489,70.0,101.0,17.0,10.0,27.0,44.0,TIDAK SEHAT
490,51.0,66.0,55.0,6.0,24.0,13.0,SEDANG
491,60.0,79.0,55.0,7.0,24.0,11.0,SEDANG
492,59.0,83.0,55.0,8.0,32.0,14.0,SEDANG
493,65.0,89.0,55.0,12.0,22.0,24.0,SEDANG
494,64.0,94.0,56.0,18.0,20.0,43.0,SEDANG
495,69.0,90.0,55.0,10.0,25.0,19.0,SEDANG
496,72.0,97.0,55.0,12.0,21.0,27.0,SEDANG
497,58.0,70.0,56.0,9.0,19.0,32.0,SEDANG
498,49.0,62.0,56.0,9.0,16.0,39.0,SEDANG
499,47.0,57.0,55.0,7.0,12.0,40.0,SEDANG
500,28.0,39.0,56.0,4.0,16.0,15.0,SEDANG
501,23.0,30.0,54.0,5.0,18.0,22.0,SEDANG
502,59.0,71.0,55.0,14.0,11.0,68.0,SEDANG
503,51.0,62.0,57.0,9.0,11.0,54.0,SEDANG
504,32.0,35.0,54.0,9.0,13.0,36.0,SEDANG
505,52.0,71.0,48.0,16.0,16.0,21.0,SEDANG
506,39.0,53.0,47.0,12.0,10.0,33.0,SEDANG
507,33.0,45.0,48.0,9.0,9.0,33.0,BAIK
508,31.0,49.0,48.0,5.0,7.0,17.0,BAIK
509,52.0,74.0,49.0,14.0,12.0,40.0,SEDANG
510,61.0,74.0,50.0,16.0,9.0,37.0,SEDANG
511,35.0,52.0,48.0,9.0,9.0,28.0,SEDANG
512,56.0,75.0,50.0,22.0,8.0,80.0,SEDANG
513,49.0,67.0,54.0,9.0,16.0,17.0,SEDANG
514,52.0,63.0,51.0,7.0,21.0,8.0,SEDANG
515,50.0,68.0,50.0,19.0,14.0,52.0,SEDANG
516,50.0,64.0,50.0,12.0,15.0,19.0,SEDANG
517,57.0,72.0,52.0,14.0,18.0,187.0,TIDAK SEHAT
518,43.0,55.0,51.0,10.0,20.0,202.0,TIDAK SEHAT
519,41.0,63.0,51.0,13.0,16.0,29.381622302223136,SEDANG
520,64.0,87.0,53.0,19.0,12.0,22.0,SEDANG
521,53.0,70.0,52.0,16.0,10.0,12.0,SEDANG
522,47.0,63.0,50.0,14.0,15.0,8.0,SEDANG
523,50.0,67.0,49.0,17.0,19.0,12.0,SEDANG
524,65.0,93.0,50.0,15.0,21.0,13.0,SEDANG
525,58.0,79.0,49.0,14.0,20.0,17.0,SEDANG
526,59.0,71.0,48.0,12.0,8.0,17.0,SEDANG
527,44.0,59.0,49.0,7.0,15.0,14.0,SEDANG
528,44.0,62.0,49.0,6.0,13.0,29.0,SEDANG
529,37.0,50.0,50.0,7.0,9.0,16.0,BAIK
530,41.0,56.0,49.0,10.0,12.0,29.0,SEDANG
531,64.0,88.0,50.0,20.0,14.0,19.0,SEDANG
532,47.0,62.0,50.0,10.0,11.0,21.0,SEDANG
533,54.0,13.0,50.0,12.0,12.0,41.0,SEDANG
534,68.0,90.0,25.0,15.0,18.0,14.0,SEDANG
535,50.0,59.0,24.0,10.0,12.0,9.0,SEDANG
536,38.80169133399197,56.0,25.0,7.0,11.0,10.0,SEDANG
537,52.0,72.0,49.0,17.0,18.0,37.0,SEDANG
538,50.0,62.0,49.0,12.0,19.0,26.0,SEDANG
539,33.0,51.0,48.0,10.0,20.0,22.0,SEDANG
540,24.0,38.0,46.0,9.0,16.0,14.0,BAIK
541,38.0,67.0,47.0,13.0,18.0,28.0,SEDANG
542,47.0,61.0,47.0,9.0,18.0,32.0,SEDANG
543,32.0,49.0,49.0,8.0,15.0,22.0,BAIK
544,42.0,60.0,47.0,6.0,15.0,20.0,SEDANG
545,51.0,72.0,51.0,6.0,21.0,31.0,SEDANG
546,46.0,57.0,51.0,7.0,28.0,20.0,SEDANG
547,39.0,57.0,50.0,9.0,23.0,23.0,SEDANG
548,33.0,54.0,50.0,7.0,25.0,23.0,SEDANG
549,39.0,52.0,51.0,7.0,26.0,28.0,SEDANG
550,25.0,38.0,52.0,8.0,26.0,24.0,SEDANG
551,35.0,55.0,31.305655768490972,18.0,22.0,29.0,SEDANG
552,57.0,73.0,20.0,28.0,20.0,40.0,SEDANG
553,36.0,50.0,16.0,21.0,23.0,23.0,BAIK
554,38.0,55.0,15.0,20.0,24.0,26.0,SEDANG
555,46.0,66.0,16.0,24.0,14.0,39.0,SEDANG
556,42.0,61.0,16.0,21.0,21.0,31.0,SEDANG
557,52.0,73.0,20.0,32.0,24.0,37.0,SEDANG
558,56.0,73.0,19.0,22.0,23.0,35.0,SEDANG
559,38.0,56.0,16.0,20.0,23.0,29.0,SEDANG
560,38.0,57.0,20.0,20.0,12.0,19.0,SEDANG
561,26.0,37.0,20.0,16.0,22.0,19.0,BAIK
562,25.0,42.0,13.0,17.0,18.0,24.0,BAIK
563,44.0,63.0,14.0,25.0,16.0,32.0,SEDANG
564,43.0,59.0,14.0,21.0,13.0,31.0,SEDANG
565,33.0,44.0,13.0,22.0,14.0,29.0,BAIK
566,55.0,76.75324186290939,54.0,15.0,25.0,49.0,SEDANG
567,48.0,62.0,55.0,15.0,16.0,57.0,SEDANG
568,36.0,53.0,55.0,9.0,13.0,43.0,SEDANG
569,27.0,43.0,54.0,7.0,12.0,21.0,SEDANG
570,53.0,71.0,56.0,13.0,17.0,40.0,SEDANG
571,44.0,55.0,54.0,10.0,13.0,37.0,SEDANG
572,37.0,53.0,56.0,11.0,10.0,48.0,SEDANG
573,59.0,73.0,56.0,13.0,14.0,56.0,SEDANG
574,58.0,79.0,58.0,9.0,24.0,28.0,SEDANG
575,47.0,57.0,55.0,5.0,21.0,20.0,SEDANG
576,33.0,53.0,54.0,7.0,17.0,20.0,SEDANG
577,34.0,52.0,55.0,7.0,18.0,22.0,SEDANG
578,42.0,54.0,54.0,6.0,18.0,29.0,SEDANG
579,24.0,40.0,54.0,6.0,20.0,31.0,SEDANG
580,43.0,60.0,55.0,10.0,14.0,46.0,SEDANG
581,67.0,83.0,56.0,21.0,12.0,80.0,SEDANG
582,29.0,32.0,54.0,5.0,16.0,28.0,SEDANG
583,44.0,64.0,54.0,8.0,17.0,35.0,SEDANG
584,52.0,70.0,55.0,9.0,16.0,37.0,SEDANG
585,55.0,81.0,56.0,13.0,24.0,36.0,SEDANG
586,32.0,45.0,25.0,4.0,7.0,4.0,BAIK
587,54.0,77.0,25.0,10.0,6.0,5.0,SEDANG
588,64.0,74.0,25.0,15.0,6.0,7.0,SEDANG
589,40.0,58.0,25.0,6.0,4.0,6.0,SEDANG
590,64.0,90.0,25.0,10.0,4.0,4.0,SEDANG
591,67.0,86.0,26.0,17.852071858723228,7.0,5.0,SEDANG
592,57.0,74.0,25.0,16.206244516220604,8.0,5.0,SEDANG
593,63.0,85.0,25.0,9.0,6.0,6.0,SEDANG
594,61.0,80.0,25.0,4.0,5.0,6.0,SEDANG
595,53.0,67.0,25.0,7.0,8.0,6.0,SEDANG
596,49.0,62.0,25.0,16.0,8.0,6.0,SEDANG
597,53.0,76.0,25.0,24.0,7.0,8.0,SEDANG
598,81.0,103.0,25.0,24.0,6.0,11.0,TIDAK SEHAT
599,59.0,74.0,25.0,22.0,6.0,8.0,SEDANG
600,57.0,71.0,25.0,21.0,7.0,6.0,SEDANG
601,68.0,91.0,26.0,23.0,6.0,9.0,SEDANG
602,71.0,94.0,25.0,22.0,7.0,9.0,SEDANG
603,70.0,102.0,25.0,24.0,9.0,8.0,TIDAK SEHAT
604,70.0,86.0,25.0,21.0,8.0,9.0,SEDANG
605,46.0,61.0,25.0,20.0,7.0,6.0,SEDANG
606,54.0,67.0,25.0,18.0,6.0,2.0,SEDANG
607,37.0,52.0,25.0,15.0,8.0,3.0,SEDANG
608,36.0,52.0,25.0,18.0,7.0,4.0,SEDANG
609,70.0,96.0,26.0,28.0,5.0,7.0,SEDANG
610,57.0,59.0,25.0,22.0,6.0,6.0,SEDANG
611,51.0,82.0,34.0,17.0,33.0,22.0,SEDANG
612,47.0,68.0,26.0,18.0,28.0,9.0,SEDANG
613,24.0,48.0,25.0,12.0,29.0,10.0,BAIK
614,17.0,24.0,23.0,7.0,27.0,4.0,BAIK
615,35.0,68.0,24.0,15.0,32.0,12.0,SEDANG
616,59.0,74.0,25.0,16.0,38.0,14.0,SEDANG
617,31.0,52.0,27.0,11.0,25.0,8.0,SEDANG
618,40.0,66.0,25.0,11.0,28.0,8.0,SEDANG
619,45.0,77.0,37.0,12.0,41.0,18.0,SEDANG
620,33.0,60.0,28.0,6.0,46.0,11.0,SEDANG
621,46.0,69.0,26.0,14.0,31.0,13.0,SEDANG
622,30.0,54.0,24.0,11.0,37.0,12.0,SEDANG
623,31.0,54.0,22.0,9.0,39.0,12.0,SEDANG
624,24.75928086884569,37.0,21.0,9.0,45.0,11.0,BAIK
625,32.0,58.0,24.0,11.0,38.0,15.0,SEDANG
626,53.0,78.0,23.0,18.0,39.0,26.0,SEDANG
627,43.0,67.0,22.0,12.0,32.0,18.0,SEDANG
628,31.0,57.0,23.0,11.0,35.0,16.0,SEDANG
629,49.0,81.0,22.0,19.0,31.0,23.0,SEDANG
630,40.0,69.0,22.0,10.0,36.0,13.0,SEDANG
631,55.0,94.0,20.0,12.0,115.0,18.0,TIDAK SEHAT
632,53.0,76.0,21.0,8.0,72.0,14.0,SEDANG
633,29.0,58.0,19.0,7.0,59.0,10.0,SEDANG
634,28.0,53.0,24.0,9.0,59.0,8.0,SEDANG
635,25.0,50.0,30.0,14.0,35.0,9.0,BAIK
636,24.0,41.0,23.0,17.0,45.0,14.0,BAIK
637,54.0,78.0,21.0,27.0,46.0,13.0,SEDANG
638,33.0,60.0,22.0,20.0,48.0,18.0,SEDANG
639,36.0,57.0,21.0,21.0,54.0,16.0,SEDANG
640,54.0,72.0,12.0,22.0,27.0,32.0,SEDANG
641,52.0,70.0,10.0,22.0,35.0,36.0,SEDANG
642,55.0,79.0,10.0,28.0,23.0,44.0,SEDANG
643,58.0,83.0,11.0,24.0,35.0,35.0,SEDANG
644,52.0,71.0,12.0,24.0,18.0,33.0,SEDANG
645,56.0,86.0,14.0,26.0,20.0,40.0,SEDANG
646,54.0,79.0,12.0,22.0,25.0,26.0,SEDANG
647,54.0,84.0,13.0,22.0,21.0,26.0,SEDANG
648,48.0,65.0,12.0,22.0,21.0,26.0,SEDANG
649,51.0,70.0,10.0,33.0,19.0,43.0,SEDANG
650,39.0,58.0,12.0,23.0,26.0,33.0,SEDANG
651,64.0,89.0,15.0,27.0,41.0,39.0,SEDANG
652,53.0,74.0,10.0,29.0,36.0,44.0,SEDANG
653,57.0,85.0,11.0,25.0,42.0,41.0,SEDANG
654,60.0,86.0,12.0,27.0,38.0,35.0,SEDANG
655,60.0,86.0,12.0,24.0,38.0,33.0,SEDANG
656,55.0,79.0,14.0,24.0,40.0,37.0,SEDANG
657,52.0,76.0,16.0,24.0,36.0,34.0,SEDANG
658,61.0,83.0,15.0,27.0,37.0,46.0,SEDANG
659,59.0,88.0,15.0,24.0,34.0,45.0,SEDANG
660,61.0,94.0,14.0,25.0,36.0,39.0,SEDANG
661,66.0,101.0,15.0,23.0,35.0,33.0,TIDAK SEHAT
662,59.0,87.0,15.0,24.0,25.0,37.0,SEDANG
663,56.0,74.0,15.0,24.0,33.0,31.0,SEDANG
664,62.0,89.0,10.0,33.0,25.0,51.0,SEDANG
665,57.0,71.0,10.0,29.0,22.0,48.0,SEDANG
666,51.0,70.0,10.0,27.0,25.0,41.0,SEDANG
667,56.0,85.0,13.0,28.0,24.0,37.0,SEDANG
668,60.0,89.0,12.0,32.0,20.0,39.0,SEDANG
669,51.0,70.0,13.0,25.0,15.0,40.0,SEDANG
670,57.0,74.0,58.0,7.0,32.0,11.0,SEDANG
671,47.81217482987992,73.0,58.0,7.0,35.0,6.0,SEDANG
672,55.0,100.0,58.0,12.0,31.0,36.0,SEDANG
673,56.0,89.0,58.0,9.0,34.0,17.0,SEDANG
674,52.0,74.0,58.0,8.0,28.0,14.0,SEDANG
675,61.0,82.0,59.0,10.0,25.0,26.0,SEDANG
676,60.0,81.0,58.0,8.0,28.0,11.0,SEDANG
677,57.0,76.0,58.0,9.0,26.0,13.0,SEDANG
678,55.0,72.0,59.0,8.0,24.0,14.0,SEDANG
679,61.0,79.0,60.0,15.0,15.0,44.0,SEDANG
680,47.0,63.0,59.0,9.0,18.0,25.0,SEDANG
681,58.0,83.0,59.0,10.0,33.0,21.0,SEDANG
682,56.0,75.0,58.0,12.0,30.0,30.0,SEDANG
683,63.0,85.0,59.0,13.0,30.0,36.0,SEDANG
684,63.0,82.0,58.0,11.0,28.0,21.0,SEDANG
685,62.0,83.0,58.0,11.0,31.0,20.0,SEDANG
686,53.0,77.0,62.0,8.0,35.0,40.0,SEDANG
687,42.0,66.0,61.0,7.0,34.0,36.0,SEDANG
688,52.0,75.0,61.0,7.0,38.0,38.0,SEDANG
689,56.0,84.0,62.0,9.0,36.0,53.0,SEDANG
690,59.0,86.0,61.0,10.0,40.0,52.0,SEDANG
691,62.0,98.0,61.0,10.0,32.0,51.0,SEDANG
692,54.0,84.0,61.0,11.0,25.0,51.0,SEDANG
693,53.0,74.0,61.0,11.0,20.0,50.0,SEDANG
694,56.0,81.0,61.0,13.0,26.0,57.0,SEDANG
695,40.0,61.0,61.0,15.0,21.0,68.0,SEDANG
696,48.0,66.0,61.0,13.0,21.0,65.0,SEDANG
697,52.0,81.0,62.0,12.0,21.0,54.0,SEDANG
698,51.0,12.0,61.0,10.0,22.0,50.0,SEDANG
699,44.0,13.0,61.0,9.0,22.0,43.0,SEDANG
700,65.0,81.0,53.0,21.0,44.0,18.0,SEDANG
701,66.0,74.0,53.0,21.0,39.0,23.0,SEDANG
702,65.0,79.0,53.0,19.0,43.0,16.0,SEDANG
703,118.0,69.0,53.0,16.0,31.0,13.0,TIDAK SEHAT
704,82.0,76.0,53.0,21.0,34.0,19.0,SEDANG
705,162.0,97.0,53.0,17.0,39.0,15.0,TIDAK SEHAT
706,70.0,83.0,53.0,17.0,31.0,12.0,SEDANG
707,57.0,63.0,53.0,17.0,34.0,12.0,SEDANG
708,57.0,58.0,53.0,39.0,23.0,23.0,SEDANG
709,50.0,46.0,53.0,19.0,24.0,17.0,SEDANG
710,57.0,65.0,53.0,23.0,38.0,17.0,SEDANG
711,54.0,54.0,53.0,22.0,34.0,21.0,SEDANG
712,59.0,60.0,53.0,21.0,34.0,23.0,SEDANG
713,65.0,69.0,53.0,21.0,42.0,16.0,SEDANG
714,62.0,69.0,53.0,22.0,37.0,18.0,SEDANG
715,63.0,67.0,53.0,21.0,47.0,26.67112911425788,SEDANG
716,57.0,60.0,54.0,18.0,42.0,25.0,SEDANG
717,60.0,64.0,54.0,20.0,52.0,29.0,SEDANG
718,64.0,69.0,54.0,20.0,49.0,25.0,SEDANG
719,61.0,69.0,54.0,20.0,54.0,26.0,SEDANG
720,76.0,75.0,55.0,22.0,45.0,23.0,SEDANG
721,68.0,63.0,54.0,20.0,35.0,20.0,SEDANG
722,60.0,54.0,54.0,19.0,31.0,18.0,SEDANG
723,68.0,63.0,54.0,31.0,34.0,28.0,SEDANG
724,52.0,53.0,54.0,27.0,30.0,27.0,SEDANG
725,56.0,51.0,53.0,23.0,33.0,24.0,SEDANG
726,62.0,62.0,54.0,22.0,34.0,20.0,SEDANG
727,90.0,104.0,54.0,27.0,31.0,24.0,TIDAK SEHAT
728,51.0,58.0,54.0,20.0,30.0,21.0,SEDANG
729,49.0,93.0,34.0,20.0,46.0,12.0,SEDANG
730,37.0,85.0,34.0,17.0,67.0,12.0,SEDANG
731,45.0,89.0,32.0,20.0,43.0,17.0,SEDANG
732,40.0,84.0,34.0,18.0,41.0,13.0,SEDANG
733,37.0,81.0,35.0,18.0,43.0,12.0,SEDANG
734,26.0,86.0,36.0,20.0,40.0,17.0,SEDANG
735,65.0,89.0,55.0,8.0,24.0,18.0,SEDANG
736,72.0,103.0,55.0,11.0,24.0,19.0,TIDAK SEHAT
737,68.0,103.0,55.0,8.0,23.0,13.0,TIDAK SEHAT
738,64.0,92.0,54.0,7.0,24.0,16.0,SEDANG
739,65.0,89.0,54.0,8.0,21.0,16.0,SEDANG
740,60.0,81.0,54.0,8.0,21.0,20.0,SEDANG
741,68.0,99.0,55.0,9.0,27.0,15.0,SEDANG
742,64.0,78.0,55.0,9.0,19.0,17.0,SEDANG
743,77.0,115.0,56.0,8.0,20.0,12.0,TIDAK SEHAT
744,72.0,102.0,56.0,12.0,20.0,20.0,TIDAK SEHAT
745,75.0,110.0,56.0,17.0,21.0,29.0,TIDAK SEHAT
746,67.0,95.0,56.0,14.0,22.0,19.0,SEDANG
747,71.0,99.0,56.0,12.0,24.0,12.0,SEDANG
748,77.0,106.0,57.0,12.0,25.0,16.0,TIDAK SEHAT
749,80.0,106.0,56.0,11.0,24.0,12.0,TIDAK SEHAT
750,71.0,91.0,56.0,10.0,19.0,19.0,SEDANG
751,60.0,81.0,56.0,11.0,16.0,20.0,SEDANG
752,35.0,55.0,55.0,10.0,14.0,15.0,SEDANG
753,59.0,78.0,56.0,17.0,16.0,34.0,SEDANG
754,70.0,97.0,56.0,12.0,24.0,15.0,SEDANG
755,79.0,106.0,56.0,12.0,22.0,18.0,TIDAK SEHAT
756,67.0,91.0,56.0,9.0,21.0,16.0,SEDANG
757,66.0,98.0,57.0,10.0,20.0,15.0,SEDANG
758,74.0,107.0,56.0,11.0,24.0,13.0,TIDAK SEHAT
759,45.0,62.0,54.0,8.0,13.0,20.0,SEDANG
760,58.0,77.0,54.0,11.0,15.0,24.0,SEDANG
761,61.0,76.0,54.0,11.0,17.0,25.0,SEDANG
762,52.0,73.0,55.0,12.0,19.0,29.0,SEDANG
763,56.70827682541038,73.0,55.0,19.0,17.0,67.0,SEDANG
764,53.31124107929637,72.0,55.0,13.0,16.0,50.0,SEDANG
765,64.0,84.0,55.0,12.0,17.0,34.0,SEDANG
766,71.0,94.0,55.0,13.0,19.0,32.0,SEDANG
767,67.0,90.0,56.0,13.0,15.0,39.0,SEDANG
768,63.0,80.0,55.0,9.0,15.0,31.0,SEDANG
769,63.0,75.0,55.0,8.0,13.0,27.0,SEDANG
770,64.0,74.0,55.0,14.0,11.0,38.0,SEDANG
771,52.0,67.0,55.0,8.0,14.0,22.0,SEDANG
772,63.0,73.0,55.0,13.0,11.0,28.0,SEDANG
773,67.0,74.0,55.0,17.0,10.0,45.0,SEDANG
774,69.0,85.0,55.0,10.0,15.0,20.0,SEDANG
775,56.0,71.0,55.0,10.0,18.0,29.0,SEDANG
776,60.0,72.0,55.0,11.0,16.0,38.0,SEDANG
777,57.0,72.0,56.0,11.0,18.0,36.0,SEDANG
778,69.0,84.0,56.0,15.0,15.0,41.0,SEDANG
779,67.0,80.0,56.0,14.0,16.0,42.0,SEDANG
780,68.0,81.0,56.0,10.0,16.0,37.0,SEDANG
781,64.0,72.0,56.0,10.0,13.0,39.0,SEDANG
782,65.0,70.0,56.0,13.0,12.0,44.0,SEDANG
783,27.0,34.0,55.0,7.0,12.0,38.0,SEDANG
784,61.0,70.0,56.0,15.0,12.0,65.0,SEDANG
785,59.0,73.0,56.0,13.0,16.0,39.0,SEDANG
786,70.0,82.0,55.0,20.0,14.0,36.0,SEDANG
787,61.0,19.0,55.0,11.0,12.0,37.0,SEDANG
788,61.0,19.0,55.0,12.0,14.0,38.0,SEDANG
789,69.0,17.0,13.0,13.0,16.0,22.0,SEDANG
790,56.0,68.73405357120203,29.0,14.0,16.0,6.0,SEDANG
791,64.0,88.0,29.0,15.0,19.0,9.0,SEDANG
792,68.0,90.0,30.0,23.0,15.0,8.0,SEDANG
793,79.0,107.0,30.0,32.0,15.0,13.0,TIDAK SEHAT
794,71.0,97.0,30.0,19.0,17.0,10.0,SEDANG
795,78.0,107.0,30.0,22.0,16.0,12.0,TIDAK SEHAT
796,76.0,101.0,30.0,17.0,18.0,10.0,TIDAK SEHAT
797,85.0,111.0,30.0,18.0,13.0,13.0,TIDAK SEHAT
798,74.0,96.0,30.0,13.0,15.0,7.0,SEDANG
799,75.0,92.0,30.0,12.0,13.0,7.0,SEDANG
800,67.0,85.0,30.0,13.0,11.0,6.0,SEDANG
801,62.0,82.0,30.0,15.0,14.0,6.0,SEDANG
802,69.0,94.0,30.0,15.0,14.0,10.0,SEDANG
803,75.0,98.0,30.0,12.0,12.0,8.0,SEDANG
804,82.0,111.0,30.0,13.0,20.0,8.0,TIDAK SEHAT
805,74.0,98.0,30.0,12.0,18.0,9.0,SEDANG
806,77.0,105.0,31.0,14.0,18.0,11.0,TIDAK SEHAT
807,69.0,92.0,31.0,17.0,18.0,11.0,SEDANG
808,83.0,110.0,31.0,18.0,20.0,10.0,TIDAK SEHAT
809,83.0,107.0,31.0,17.0,20.0,15.0,TIDAK SEHAT
810,84.0,106.0,31.0,16.0,22.0,9.0,TIDAK SEHAT
811,78.0,95.0,31.0,15.0,16.0,8.0,SEDANG
812,82.0,95.0,30.0,18.0,10.0,6.0,SEDANG
813,41.0,55.0,30.0,12.0,9.0,8.0,SEDANG
814,71.0,88.0,30.0,15.0,11.0,8.0,SEDANG
815,81.0,104.0,31.0,13.0,22.0,9.0,TIDAK SEHAT
816,81.0,104.0,31.0,14.0,20.0,8.0,TIDAK SEHAT
817,77.0,94.0,31.0,11.0,18.0,7.0,SEDANG
818,77.0,100.0,31.0,11.0,19.0,10.0,SEDANG
819,91.0,110.0,31.0,13.0,22.0,9.0,TIDAK SEHAT
820,41.0,64.0,23.0,17.0,64.0,13.0,SEDANG
821,53.0,81.0,23.0,17.0,62.0,13.0,SEDANG
822,58.0,95.0,24.0,18.0,75.0,17.0,SEDANG
823,62.0,97.0,26.0,22.0,57.0,27.0,SEDANG
824,60.0,97.0,26.0,23.0,58.0,21.0,SEDANG
825,56.0,86.0,26.0,18.0,60.0,17.0,SEDANG
826,68.0,111.0,28.0,21.0,54.0,26.0,TIDAK SEHAT
827,65.0,107.0,28.0,20.0,58.0,23.0,TIDAK SEHAT
828,66.0,109.0,28.0,22.0,60.0,20.0,TIDAK SEHAT
829,54.0,80.0,26.0,16.0,61.0,12.0,SEDANG
830,52.0,82.0,25.0,17.0,65.0,14.0,SEDANG
831,56.0,87.0,25.0,23.0,53.0,16.0,SEDANG
832,45.0,72.0,24.0,16.0,59.0,11.0,SEDANG
833,60.0,101.0,25.0,23.0,61.0,22.0,TIDAK SEHAT
834,59.0,91.0,26.0,23.0,57.0,21.0,SEDANG
835,58.0,95.0,26.0,20.0,58.0,15.0,SEDANG
836,57.0,96.0,27.0,20.0,63.0,17.0,SEDANG
837,62.0,101.0,29.0,21.0,65.0,21.0,TIDAK SEHAT
838,68.0,108.0,28.0,21.0,66.0,21.0,TIDAK SEHAT
839,66.0,80.0,24.0,20.0,60.0,17.0,SEDANG
840,57.0,83.0,24.0,22.0,57.0,20.0,SEDANG
841,29.0,53.0,25.0,18.0,57.0,17.0,SEDANG
842,62.0,94.0,31.0,26.0,57.0,22.0,SEDANG
843,60.0,95.0,30.0,22.0,65.0,20.0,SEDANG
844,66.0,110.0,27.0,26.0,64.0,26.0,TIDAK SEHAT
845,56.0,87.0,26.0,17.0,62.0,14.0,SEDANG
846,54.0,95.0,28.0,18.0,66.0,19.0,SEDANG
847,62.0,111.0,28.0,21.0,69.0,22.0,TIDAK SEHAT
848,33.0,86.0,39.0,19.0,47.0,14.0,SEDANG
849,39.0,79.0,38.0,18.0,42.0,13.0,SEDANG
850,30.0,88.0,40.0,19.0,40.0,14.0,SEDANG
851,22.0,88.0,38.0,20.0,47.0,16.0,SEDANG
852,37.0,98.0,38.0,19.0,57.0,14.0,SEDANG
853,30.0,109.0,39.0,20.0,62.0,14.0,TIDAK SEHAT
854,21.0,92.0,37.0,19.0,55.0,14.0,SEDANG
855,37.0,85.0,37.0,21.0,42.0,18.0,SEDANG
856,47.0,109.0,35.0,28.0,44.0,24.0,TIDAK SEHAT
857,35.0,79.0,35.0,26.0,42.0,21.0,SEDANG
858,27.0,80.0,35.0,23.0,42.0,21.0,SEDANG
859,30.0,99.0,36.0,22.0,47.0,20.0,SEDANG
860,29.0,95.0,36.0,22.0,40.0,26.037452480962237,SEDANG
861,18.0,79.0,38.0,20.0,35.0,14.0,SEDANG
862,63.0,91.0,13.0,29.0,24.0,46.0,SEDANG
863,61.0,85.0,13.0,27.0,23.0,52.0,SEDANG
864,61.0,90.0,13.0,29.0,20.0,44.0,SEDANG
865,59.0,82.0,16.0,26.0,21.0,40.0,SEDANG
866,56.0,80.0,12.0,30.0,19.0,46.0,SEDANG
867,52.0,73.0,10.0,27.0,27.0,40.0,SEDANG
868,72.0,108.0,16.0,31.0,24.0,48.0,TIDAK SEHAT
869,55.0,76.0,16.0,25.0,21.0,40.0,SEDANG
870,55.0,76.0,13.0,26.0,24.0,41.0,SEDANG
871,30.0,80.0,35.0,17.0,47.0,10.0,SEDANG
872,28.0,79.0,35.0,18.0,40.0,11.0,SEDANG
873,17.0,65.0,34.0,17.0,48.0,9.0,SEDANG
874,38.0,76.0,33.0,24.0,36.0,17.0,SEDANG
875,26.0,68.0,34.0,19.0,28.0,18.0,SEDANG
876,23.0,103.0,39.0,20.0,54.0,15.0,TIDAK SEHAT
877,38.0,81.0,34.0,21.0,49.0,18.0,SEDANG
878,34.0,88.0,34.0,19.0,49.0,16.0,SEDANG
879,28.0,87.0,35.0,20.0,45.0,13.0,SEDANG
880,26.0,93.0,36.0,20.0,44.0,14.0,SEDANG
881,61.0,101.0,28.0,19.0,62.0,20.0,TIDAK SEHAT
882,57.0,90.0,28.0,17.0,58.0,17.0,SEDANG
883,60.0,101.0,27.0,21.0,59.0,22.0,TIDAK SEHAT
884,68.0,103.0,13.0,28.0,26.0,44.0,TIDAK SEHAT
885,60.0,85.0,11.0,27.0,37.0,44.0,SEDANG
886,47.0,64.0,10.0,28.0,26.0,45.0,SEDANG
887,50.0,74.0,10.0,29.0,29.0,39.0,SEDANG
888,53.0,78.0,10.0,26.0,23.0,37.0,SEDANG
889,53.0,75.0,16.0,24.0,21.0,42.0,SEDANG
890,62.0,91.0,13.0,26.0,27.0,42.0,SEDANG
891,64.0,96.0,16.0,28.0,23.0,42.0,SEDANG
892,61.0,91.0,15.0,25.0,19.0,33.0,SEDANG
893,55.0,81.0,15.0,23.0,21.0,35.0,SEDANG
894,56.0,77.0,12.0,22.0,28.0,28.0,SEDANG
895,54.0,78.0,12.0,23.0,24.0,30.0,SEDANG
896,62.0,93.0,19.0,26.0,25.0,44.0,SEDANG
897,62.0,93.0,17.0,26.0,27.0,43.0,SEDANG
898,63.0,90.0,14.0,26.0,38.0,38.0,SEDANG
899,64.0,91.0,15.0,28.0,33.0,48.0,SEDANG
900,65.0,92.0,15.0,25.0,31.0,44.0,SEDANG
901,62.0,93.0,13.0,23.0,30.0,32.0,SEDANG
902,60.0,86.0,13.0,24.0,32.0,38.0,SEDANG
903,64.0,93.0,14.0,26.0,27.0,46.0,SEDANG
904,67.0,96.0,17.0,27.0,27.0,47.0,SEDANG
905,63.0,84.0,19.0,25.0,26.0,40.0,SEDANG
906,56.0,77.0,12.0,23.0,28.0,32.0,SEDANG
907,62.0,98.0,13.0,27.0,24.0,43.0,SEDANG
908,66.0,90.0,13.0,25.0,28.0,37.0,SEDANG
909,55.0,78.0,13.0,24.0,28.0,39.0,SEDANG
910,69.0,106.0,14.0,30.0,36.0,50.0,TIDAK SEHAT
911,62.0,86.0,14.0,24.0,33.0,41.0,SEDANG
912,65.0,98.0,14.0,26.0,41.0,42.0,SEDANG
913,68.0,98.0,15.0,28.0,30.0,46.0,SEDANG
914,56.0,75.0,14.0,25.0,24.0,40.0,SEDANG
915,65.0,99.0,57.0,10.0,34.0,23.0,SEDANG
916,64.0,86.0,57.0,11.0,28.0,27.0,SEDANG
917,56.0,70.0,58.0,9.0,21.0,31.0,SEDANG
918,54.0,83.0,58.0,13.0,23.0,37.0,SEDANG
919,56.0,80.0,57.0,12.0,28.0,24.0,SEDANG
920,61.0,83.0,58.0,10.0,25.0,23.0,SEDANG
921,62.0,92.0,57.0,10.0,33.0,20.0,SEDANG
922,74.0,107.0,59.0,12.0,25.0,32.0,TIDAK SEHAT
923,67.0,91.0,57.0,10.0,23.0,20.0,SEDANG
924,60.0,85.0,57.0,9.0,23.0,17.0,SEDANG
925,59.0,79.0,57.0,8.0,30.0,12.0,SEDANG
926,55.0,83.0,57.0,9.0,28.0,14.0,SEDANG
927,66.0,102.0,59.0,13.0,29.0,34.0,TIDAK SEHAT
928,71.0,100.0,58.0,11.0,30.0,29.0,SEDANG
929,67.0,93.0,57.0,10.0,40.0,22.0,SEDANG
930,62.0,90.0,11.0,28.0,31.0,41.0,SEDANG
931,55.0,74.0,9.0,26.0,25.0,38.0,SEDANG
932,69.0,103.0,12.0,38.0,29.0,51.0,TIDAK SEHAT
933,58.0,78.0,9.0,36.0,26.0,52.0,SEDANG
934,53.0,66.0,10.0,28.0,21.0,41.0,SEDANG
935,30.0,38.0,8.0,24.0,15.0,24.0,BAIK
936,24.0,41.0,8.0,24.0,24.0,26.0,BAIK
937,31.0,53.0,11.0,23.0,24.0,30.0,SEDANG
938,43.0,66.0,8.0,31.0,28.0,49.0,SEDANG
939,55.0,77.0,11.0,24.0,32.0,37.0,SEDANG
940,64.0,94.0,13.0,32.0,25.0,50.0,SEDANG
941,60.0,86.0,11.0,26.0,35.0,43.0,SEDANG
942,66.0,93.0,15.0,30.0,23.0,50.0,SEDANG
943,59.0,83.0,12.0,27.0,26.0,41.0,SEDANG
944,58.0,85.0,15.0,25.0,28.0,40.0,SEDANG
945,58.0,92.0,13.0,27.0,28.0,49.0,SEDANG
946,59.0,88.0,17.0,26.0,20.0,45.0,SEDANG
947,63.0,91.0,17.0,25.0,27.0,40.0,SEDANG
948,73.0,102.0,16.0,8.0,22.0,48.0,TIDAK SEHAT
949,67.0,95.0,14.0,5.0,24.0,45.0,SEDANG
950,50.0,61.0,11.0,5.0,24.0,40.0,SEDANG
951,58.0,76.0,14.0,5.0,26.0,44.0,SEDANG
952,63.0,88.0,17.0,6.0,27.0,51.0,SEDANG
953,55.0,77.0,16.0,5.0,16.0,42.0,SEDANG
954,58.0,82.0,16.0,22.05887241438038,24.0,41.0,SEDANG
955,62.0,88.0,16.0,25.0,22.0,40.0,SEDANG
956,63.0,87.0,18.0,23.0,27.0,32.0,SEDANG
957,69.0,99.0,14.0,34.0,19.0,50.0,SEDANG
958,60.0,79.0,18.0,26.0,31.0,37.0,SEDANG
959,58.0,76.0,12.0,35.0,26.0,51.0,SEDANG
960,49.0,61.0,16.0,30.0,21.0,36.0,SEDANG
961,52.0,66.0,18.0,25.0,23.0,33.0,SEDANG
962,50.0,69.0,14.0,28.0,33.0,38.0,SEDANG
963,54.0,73.0,9.0,26.0,41.0,42.0,SEDANG
964,53.0,72.0,11.0,27.0,32.0,32.0,SEDANG
965,63.0,98.0,13.0,24.0,33.0,30.0,SEDANG
966,67.0,93.0,15.0,30.0,27.0,46.0,SEDANG
967,62.0,87.0,16.0,25.0,24.0,37.0,SEDANG
968,62.0,89.0,16.0,26.0,26.0,43.0,SEDANG
969,63.0,90.0,15.0,25.0,30.0,41.0,SEDANG
970,63.0,89.0,17.0,25.0,27.0,35.0,SEDANG
971,57.0,85.0,15.0,26.0,20.0,40.0,SEDANG
972,58.0,76.0,20.0,26.0,20.0,34.0,SEDANG
973,51.0,65.0,13.0,30.0,23.0,29.0,SEDANG
974,56.0,74.0,14.0,25.0,23.0,32.0,SEDANG
975,53.0,67.0,12.0,27.0,24.0,33.0,SEDANG
976,52.0,74.0,11.0,34.0,22.0,34.0,SEDANG
977,41.0,58.0,10.0,24.0,23.0,33.0,SEDANG
978,74.0,106.0,56.0,13.0,23.0,18.0,TIDAK SEHAT
979,70.0,98.0,57.0,18.0,20.0,26.0,SEDANG
980,48.0,61.0,55.0,10.0,18.0,17.0,SEDANG
981,57.0,80.0,56.0,14.0,17.0,26.0,SEDANG
982,70.0,97.0,56.0,15.0,21.0,28.0,SEDANG
983,62.0,87.0,56.0,12.0,21.0,18.0,SEDANG
984,65.0,88.0,57.0,10.0,24.0,14.0,SEDANG
985,68.0,94.0,56.0,12.0,22.0,21.0,SEDANG
986,61.0,82.0,56.0,9.0,26.0,7.0,SEDANG
987,66.0,96.0,57.0,17.0,18.0,30.0,SEDANG
988,58.0,99.0,60.0,11.0,19.0,21.0,SEDANG
989,58.0,86.0,57.0,21.0,14.0,46.0,SEDANG
990,57.0,69.0,56.0,14.0,16.0,38.0,SEDANG
991,60.0,77.0,57.0,9.0,18.0,26.0,SEDANG
992,55.0,77.0,56.0,10.0,23.0,25.0,SEDANG
993,54.0,68.0,55.0,12.0,28.0,26.0,SEDANG
994,56.0,77.0,55.0,11.0,22.0,23.0,SEDANG
995,57.0,110.0,58.0,12.0,22.0,18.0,TIDAK SEHAT
996,74.0,107.0,57.0,19.0,16.0,36.0,TIDAK SEHAT
997,67.0,94.0,57.0,11.0,22.0,17.0,SEDANG
998,75.0,106.0,58.0,14.0,25.0,29.0,TIDAK SEHAT
999,76.0,103.0,57.0,12.0,26.0,20.0,TIDAK SEHAT
1000,83.0,104.0,59.0,13.0,20.0,23.0,TIDAK SEHAT
1001,67.0,99.0,57.0,15.0,20.0,24.0,SEDANG
1002,67.0,84.0,57.0,11.0,16.0,20.0,SEDANG
1003,63.0,76.0,57.0,17.0,12.0,52.0,SEDANG
1004,74.0,96.0,57.0,10.0,16.0,23.0,SEDANG
1005,59.0,75.0,57.0,10.0,14.0,21.0,SEDANG
1006,60.0,82.0,59.0,16.0,12.0,42.0,SEDANG
1007,55.0,68.0,58.0,17.0,14.0,42.0,SEDANG
1008,73.0,84.0,55.0,17.0,15.0,36.0,SEDANG
1009,59.0,61.0,55.0,16.0,15.0,39.0,SEDANG
1010,54.0,57.0,55.0,12.0,12.0,32.0,SEDANG
1011,56.0,64.0,55.0,15.0,12.0,39.0,SEDANG
1012,68.0,78.0,55.0,17.0,14.0,41.0,SEDANG
1013,51.0,58.0,56.0,10.0,17.0,34.0,SEDANG
1014,66.0,75.0,56.0,12.0,19.0,34.0,SEDANG
1015,67.0,78.0,56.0,16.0,16.0,38.0,SEDANG
1016,71.0,76.0,56.0,13.0,15.0,28.0,SEDANG
1017,65.0,71.0,55.0,17.0,13.0,45.0,SEDANG
1018,59.0,59.0,55.0,15.0,14.0,36.0,SEDANG
1019,53.0,57.0,56.0,16.0,12.0,52.0,SEDANG
1020,38.0,70.0,56.0,12.0,7.0,53.0,SEDANG
1021,53.0,80.0,57.0,15.0,10.0,91.0,SEDANG
1022,44.0,68.0,57.0,11.0,10.0,36.0,SEDANG
1023,38.0,67.0,56.0,12.0,14.0,35.0,SEDANG
1024,53.0,81.0,57.0,10.0,15.0,34.0,SEDANG
1025,92.0,141.0,56.0,26.0,11.0,78.0,TIDAK SEHAT
1026,68.0,106.0,56.0,15.0,11.0,51.0,TIDAK SEHAT
1027,54.0,88.0,57.0,8.0,17.0,31.0,SEDANG
1028,64.0,105.0,58.0,12.0,18.0,37.0,TIDAK SEHAT
1029,62.0,101.0,57.0,12.0,16.0,38.0,TIDAK SEHAT
1030,58.0,92.0,58.0,10.0,14.0,35.0,SEDANG
1031,67.4754948796038,101.0,58.0,12.0,14.0,37.0,TIDAK SEHAT
1032,62.0,98.0,57.0,12.0,13.0,43.0,SEDANG
1033,50.0,71.0,57.0,13.0,8.0,76.0,SEDANG
1034,52.0,75.0,57.0,9.0,11.0,40.0,SEDANG
1035,50.0,69.0,57.0,18.0,7.0,63.0,SEDANG
1036,60.0,11.0,59.0,18.0,7.0,83.0,SEDANG
1037,27.0,10.0,57.0,9.0,10.0,47.0,SEDANG
1038,97.0,120.0,31.0,13.0,19.0,8.0,TIDAK SEHAT
1039,73.0,91.0,31.0,12.0,14.0,12.0,SEDANG
1040,60.0,71.0,31.0,12.0,12.0,9.0,SEDANG
1041,87.0,106.0,31.0,13.0,12.0,8.0,TIDAK SEHAT
1042,74.0,93.0,31.0,14.0,17.0,10.0,SEDANG
1043,70.0,85.0,32.0,12.0,16.0,12.0,SEDANG
1044,79.0,97.0,31.0,13.0,18.0,8.0,SEDANG
1045,78.0,96.0,32.0,12.0,16.0,14.0,SEDANG
1046,78.0,92.0,32.0,11.0,16.0,7.0,SEDANG
1047,84.0,100.0,32.0,12.0,12.0,10.0,SEDANG
1048,74.0,88.0,31.0,11.0,14.0,7.0,SEDANG
1049,63.0,70.0,31.0,12.0,7.0,9.0,SEDANG
1050,61.0,72.0,31.0,12.0,4.0,6.0,SEDANG
1051,50.77321164674215,74.0,32.0,11.0,8.0,6.0,SEDANG
1052,60.09714275844919,73.0,33.0,34.0,15.0,8.0,SEDANG
1053,56.0,63.0,40.0,25.0,11.0,16.0,SEDANG
1054,57.0,76.0,39.0,23.0,15.0,10.0,SEDANG
1055,87.0,113.0,40.0,31.0,15.0,12.0,TIDAK SEHAT
1056,77.0,97.0,40.0,28.0,13.0,16.0,SEDANG
1057,76.0,92.0,41.0,21.0,15.0,16.0,SEDANG
1058,78.0,100.0,41.0,24.0,19.0,22.0,SEDANG
1059,74.0,103.0,40.0,23.0,17.0,18.0,TIDAK SEHAT
1060,75.0,91.0,41.0,22.0,14.0,20.0,SEDANG
1061,69.0,90.0,41.0,25.0,16.0,22.0,SEDANG
1062,68.0,85.0,40.0,21.0,10.0,17.0,SEDANG
1063,71.0,80.0,41.0,27.0,8.0,16.0,SEDANG
1064,73.0,86.0,41.0,20.0,19.0,13.0,SEDANG
1065,63.0,74.0,40.0,26.0,17.0,9.0,SEDANG
1066,63.0,76.0,40.0,35.0,15.0,9.0,SEDANG
1067,51.0,56.0,40.0,24.0,11.0,14.0,SEDANG
1068,70.0,124.0,28.0,25.0,67.0,26.0,TIDAK SEHAT
1069,66.0,112.0,27.0,24.0,70.0,21.0,TIDAK SEHAT
1070,43.0,66.0,24.0,18.0,76.0,16.0,SEDANG
1071,58.0,100.0,24.0,28.0,71.0,25.0,SEDANG
1072,74.0,128.0,25.0,31.0,71.0,31.0,TIDAK SEHAT
1073,52.0,84.0,29.0,18.0,50.0,18.0,SEDANG
1074,60.0,103.0,27.0,21.0,68.0,22.0,TIDAK SEHAT
1075,63.0,109.0,30.0,24.0,58.0,22.0,TIDAK SEHAT
1076,60.0,99.0,28.0,20.0,72.0,19.0,SEDANG
1077,60.0,104.0,28.0,27.0,61.0,25.0,TIDAK SEHAT
1078,53.0,88.0,27.0,20.0,73.0,18.0,SEDANG
1079,56.0,92.0,26.0,27.0,66.0,27.0,SEDANG
1080,44.0,70.0,29.0,21.0,45.0,19.0,SEDANG
1081,39.0,69.0,33.0,19.0,53.0,18.0,SEDANG
1082,46.0,77.0,29.0,23.0,46.0,22.0,SEDANG
1083,44.0,74.0,28.0,23.0,63.0,23.0,SEDANG
1084,47.0,77.0,28.0,20.0,53.0,14.0,SEDANG
1085,67.0,124.0,29.0,25.0,52.0,14.0,TIDAK SEHAT
1086,67.0,112.0,30.0,29.0,48.0,22.0,TIDAK SEHAT
1087,54.0,88.0,32.0,19.0,48.0,18.0,SEDANG
1088,64.0,110.0,34.0,23.0,38.0,24.0,TIDAK SEHAT
1089,63.0,105.0,32.0,22.0,51.0,19.0,TIDAK SEHAT
1090,61.0,97.0,34.0,21.0,35.0,16.0,SEDANG
1091,60.0,103.0,33.0,22.0,39.0,20.0,TIDAK SEHAT
1092,58.0,91.0,35.0,21.0,39.0,18.0,SEDANG
1093,55.0,84.0,31.0,29.0,29.0,13.0,SEDANG
1094,47.0,74.0,34.0,18.0,41.0,16.0,SEDANG
1095,46.0,70.0,35.0,24.0,45.0,19.0,SEDANG
1096,55.0,87.0,30.0,30.0,46.0,14.0,SEDANG
1097,38.0,66.0,31.0,22.0,35.0,16.0,SEDANG
1098,70.0,98.0,57.0,12.0,29.0,31.0,SEDANG
1099,58.0,84.0,15.0,25.0,23.0,38.0,SEDANG
1100,60.0,84.0,17.0,24.0,24.0,38.0,SEDANG
1101,59.0,87.0,13.0,24.0,26.0,35.0,SEDANG
1102,59.0,79.0,12.0,24.0,29.0,38.0,SEDANG
1103,63.0,92.0,16.0,25.0,33.0,41.0,SEDANG
1104,75.0,99.0,23.0,27.0,27.0,44.0,SEDANG
1105,61.0,83.0,16.0,26.0,28.0,43.0,SEDANG
1106,59.0,84.0,15.0,27.0,15.0,42.0,SEDANG
1107,64.0,94.0,17.0,24.0,18.0,37.0,SEDANG
1108,64.0,102.0,16.0,24.0,29.0,33.0,TIDAK SEHAT
1109,63.0,90.0,15.0,23.0,25.0,33.0,SEDANG
1110,63.0,96.0,16.0,26.0,20.0,44.0,SEDANG
1111,69.0,105.0,16.0,27.0,21.0,49.0,TIDAK SEHAT
1112,61.0,92.0,57.0,15.0,22.0,26.0,SEDANG
1113,59.0,74.0,58.0,12.0,17.0,26.0,SEDANG
1114,71.0,103.0,57.0,18.0,21.0,48.0,TIDAK SEHAT
1115,59.0,76.0,56.0,21.0,19.0,54.0,SEDANG
1116,53.0,70.0,57.0,15.0,13.0,48.0,SEDANG
1117,33.0,47.0,57.0,10.0,10.0,25.0,SEDANG
1118,35.0,53.0,58.0,15.0,13.0,44.0,SEDANG
1119,42.0,56.0,58.0,11.0,15.0,23.0,SEDANG
1120,39.0,65.0,57.0,12.0,19.0,32.0,SEDANG
1121,62.0,79.0,57.0,10.0,22.0,25.0,SEDANG
1122,67.0,101.0,57.0,16.0,24.0,40.0,TIDAK SEHAT
1123,79.0,109.0,60.0,17.0,24.0,46.0,TIDAK SEHAT
1124,65.0,90.0,57.0,14.0,28.0,27.0,SEDANG
1125,66.0,96.0,57.0,15.0,33.0,32.0,SEDANG
1126,66.0,96.0,57.0,14.0,31.0,31.0,SEDANG
1127,71.0,97.0,58.0,13.0,26.0,30.0,SEDANG
1128,71.0,95.0,58.0,11.0,30.0,17.0,SEDANG
1129,66.0,89.0,58.0,11.0,26.0,20.0,SEDANG
1130,67.0,87.0,58.0,11.0,27.0,23.0,SEDANG
1131,63.0,89.0,57.0,11.0,30.0,16.0,SEDANG
1132,58.0,78.0,57.0,11.0,39.0,15.0,SEDANG
1133,64.0,88.0,57.0,11.0,38.0,23.0,SEDANG
1134,80.0,115.0,59.0,12.0,30.0,37.0,TIDAK SEHAT
1135,70.0,92.0,57.0,11.0,36.0,28.0,SEDANG
1136,64.0,93.0,58.0,11.0,28.0,25.0,SEDANG
1137,70.0,100.0,58.0,10.0,28.0,22.0,SEDANG
1138,72.0,104.0,58.0,10.0,33.0,17.0,TIDAK SEHAT
1139,67.0,93.0,57.0,9.0,31.0,12.0,SEDANG
1140,75.0,106.0,58.0,11.0,27.0,27.0,TIDAK SEHAT
1141,78.0,110.0,58.0,11.0,30.0,26.0,TIDAK SEHAT
1142,56.0,89.0,57.0,13.0,13.0,41.0,SEDANG
1143,35.0,67.0,57.0,10.0,11.0,37.0,SEDANG
1144,71.0,106.0,58.0,21.0,12.0,77.0,TIDAK SEHAT
1145,46.0,71.0,57.0,15.0,12.0,62.0,SEDANG
1146,52.0,69.0,58.0,12.0,9.0,57.0,SEDANG
1147,28.0,50.0,57.0,8.0,6.0,61.0,SEDANG
1148,22.0,32.0,57.0,11.0,8.0,85.0,SEDANG
1149,36.0,60.0,58.0,11.0,11.0,66.0,SEDANG
1150,31.0,58.0,57.0,11.0,10.0,45.0,SEDANG
1151,51.0,77.0,58.0,7.0,12.0,24.0,SEDANG
1152,64.0,101.0,58.0,13.0,11.0,31.0,TIDAK SEHAT
1153,61.0,98.0,58.0,12.0,17.0,32.0,SEDANG
1154,68.0,111.0,59.0,19.0,17.0,65.0,TIDAK SEHAT
1155,61.0,92.0,58.0,12.0,17.0,33.0,SEDANG
1156,57.0,90.0,58.0,11.0,17.0,29.0,SEDANG
1157,54.0,86.0,58.0,9.0,22.0,27.0,SEDANG
1158,59.0,93.0,58.0,11.0,17.0,29.0,SEDANG
1159,59.0,88.0,58.0,9.0,18.0,26.0,SEDANG
1160,53.0,82.0,58.0,8.0,19.0,24.0,SEDANG
1161,58.0,89.0,58.0,9.0,19.0,28.0,SEDANG
1162,52.0,81.0,58.0,8.0,20.0,25.0,SEDANG
1163,51.0,78.0,58.0,8.0,20.0,25.0,SEDANG
1164,55.0,83.0,59.0,8.0,23.0,25.0,SEDANG
1165,54.0,82.0,60.0,7.0,22.0,30.0,SEDANG
1166,45.0,73.0,58.0,7.0,20.0,34.0,SEDANG
1167,52.0,76.0,58.0,8.0,15.0,38.0,SEDANG
1168,60.0,91.0,59.0,9.0,19.0,32.0,SEDANG
1169,62.0,99.0,59.0,9.0,21.0,32.0,SEDANG
1170,54.0,15.0,59.0,8.0,22.0,33.0,SEDANG
1171,55.0,16.0,59.0,8.0,21.0,32.0,SEDANG
1172,62.0,16.0,28.0,26.0,21.0,28.0,SEDANG
1173,73.0,98.0,40.0,30.0,18.0,14.0,SEDANG
1174,61.0,71.0,40.0,25.0,15.0,15.0,SEDANG
1175,77.0,105.0,43.0,36.0,17.0,15.0,TIDAK SEHAT
1176,61.0,68.0,51.0,31.0,17.0,16.0,SEDANG
1177,64.0,65.0,51.0,24.0,12.0,16.0,SEDANG
1178,51.0,51.0,51.0,20.0,11.0,12.0,SEDANG
1179,33.0,46.0,51.0,24.0,11.0,14.0,SEDANG
1180,52.0,63.0,51.0,22.0,21.0,10.0,SEDANG
1181,46.0,55.0,51.0,22.0,18.0,13.0,SEDANG
1182,65.0,74.0,51.0,19.0,20.0,12.0,SEDANG
1183,75.0,107.0,51.0,28.0,26.0,17.0,TIDAK SEHAT
1184,79.0,94.0,51.0,26.0,29.0,20.0,SEDANG
1185,73.6448255683676,102.0,51.0,29.0,21.0,23.0,TIDAK SEHAT
1186,72.02899412391073,100.0,51.0,27.0,19.0,22.0,SEDANG
1187,63.862977696905425,88.0,51.0,23.0,22.0,22.0,SEDANG
1188,74.0,81.0,51.0,23.0,29.0,20.0,SEDANG
1189,77.0,97.0,51.0,26.0,19.0,22.0,SEDANG
1190,76.0,90.0,51.0,21.0,24.0,18.0,SEDANG
1191,73.0,81.0,51.0,19.0,24.0,17.0,SEDANG
1192,76.0,84.0,51.0,21.0,25.0,16.0,SEDANG
1193,70.0,81.0,51.0,20.0,27.0,16.0,SEDANG
1194,69.0,80.0,51.0,21.0,32.0,17.0,SEDANG
1195,72.0,81.0,52.0,21.0,34.0,19.0,SEDANG
1196,77.0,87.0,52.0,21.0,26.0,23.0,SEDANG
1197,66.0,74.0,51.0,20.0,30.0,19.0,SEDANG
1198,64.0,79.0,52.0,22.0,25.0,17.0,SEDANG
1199,75.0,92.0,51.0,20.0,27.0,16.0,SEDANG
1200,75.0,90.0,51.0,21.0,31.0,15.0,SEDANG
1201,83.0,97.0,52.0,20.0,31.0,17.0,SEDANG
1202,80.0,94.0,52.0,23.0,28.0,19.0,SEDANG
1203,96.0,113.0,52.0,28.0,28.0,20.0,TIDAK SEHAT
1204,60.11449225474476,94.0,34.0,21.0,44.0,17.0,SEDANG
1205,48.0,74.0,28.0,19.0,45.0,16.0,SEDANG
1206,78.72730656833352,121.0,31.0,33.0,43.0,25.0,TIDAK SEHAT
1207,60.42752488755459,84.0,30.0,29.0,31.753253566637927,25.0,SEDANG
1208,57.62695534182124,78.0,38.0,24.0,23.0,27.0,SEDANG
1209,38.785333831380235,43.0,33.0,20.0,17.0,16.0,BAIK
1210,41.13457929653882,45.0,32.0,24.0,19.0,13.0,BAIK
1211,45.96073556710808,60.0,34.0,22.0,31.0,14.0,SEDANG
1212,47.71986151060013,66.0,30.0,22.0,36.0,23.0,SEDANG
1213,50.54128789570116,77.0,35.0,18.0,44.0,15.0,SEDANG
1214,66.0,117.0,33.0,27.0,25.0,23.0,TIDAK SEHAT
1215,53.0,96.0,34.0,22.0,36.0,20.0,SEDANG
1216,65.0,112.0,34.0,29.0,25.0,32.0,TIDAK SEHAT
1217,59.0,104.0,33.0,25.0,27.0,23.0,TIDAK SEHAT
1218,52.0,89.0,35.0,22.0,31.0,20.0,SEDANG
1219,53.0,99.0,34.0,24.0,37.0,24.0,SEDANG
1220,57.0,99.0,35.0,25.0,27.0,25.0,SEDANG
1221,52.0,89.0,37.0,20.0,36.0,17.0,SEDANG
1222,47.0,93.0,34.0,20.0,53.0,15.0,SEDANG
1223,51.0,91.0,35.0,19.0,54.0,17.0,SEDANG
1224,45.0,88.0,33.0,18.0,58.0,13.0,SEDANG
1225,39.0,82.0,32.0,18.0,61.0,13.0,SEDANG
1226,47.0,85.0,35.0,18.0,52.0,14.0,SEDANG
1227,53.0,95.0,38.0,19.0,41.0,16.0,SEDANG
1228,44.0,84.0,34.0,19.0,47.0,15.0,SEDANG
1229,53.0,90.0,34.0,20.0,37.0,16.0,SEDANG
1230,52.0,91.0,36.0,19.0,44.0,16.0,SEDANG
1231,55.0,104.0,34.0,20.0,54.0,14.0,TIDAK SEHAT
1232,44.0,94.0,34.0,20.0,46.0,15.0,SEDANG
1233,53.0,102.0,33.0,21.0,39.0,19.0,TIDAK SEHAT
1234,59.0,112.0,34.0,22.0,42.0,22.0,TIDAK SEHAT
1235,65.0,91.0,58.0,11.0,36.0,27.0,SEDANG
1236,70.0,95.0,58.0,8.0,34.0,17.0,SEDANG
1237,64.0,89.0,58.0,7.0,32.0,10.0,SEDANG
1238,61.0,87.0,58.0,8.0,35.0,14.0,SEDANG
1239,68.0,97.0,58.0,9.0,31.0,20.0,SEDANG
1240,73.0,102.0,58.0,9.0,33.0,23.0,TIDAK SEHAT
1241,65.0,91.0,59.0,9.0,28.0,22.0,SEDANG
1242,57.0,79.0,57.0,7.0,29.0,9.0,SEDANG
1243,66.0,101.0,58.0,10.0,28.0,27.0,TIDAK SEHAT
1244,65.0,93.0,58.0,9.0,30.0,17.0,SEDANG
1245,54.0,82.0,58.0,9.0,35.0,18.0,SEDANG
1246,70.0,106.0,58.0,12.0,36.0,31.0,TIDAK SEHAT
1247,71.0,94.0,58.0,9.0,32.0,29.0,SEDANG
1248,70.0,101.0,58.0,9.0,43.0,25.0,TIDAK SEHAT
1249,68.0,93.0,58.0,11.0,28.0,34.0,SEDANG
1250,59.0,80.0,58.0,8.0,31.0,22.0,SEDANG
1251,60.0,99.0,59.0,10.0,18.0,40.0,SEDANG
1252,45.0,73.0,58.0,10.0,11.0,44.0,SEDANG
1253,33.0,60.0,58.0,12.0,5.0,53.0,SEDANG
1254,45.0,65.0,58.0,14.0,4.0,59.0,SEDANG
1255,46.0,72.0,58.0,10.0,5.0,41.0,SEDANG
1256,53.0,80.0,58.0,10.0,6.0,38.0,SEDANG
1257,57.0,92.0,58.0,9.0,7.0,33.0,SEDANG
1258,69.0,112.0,59.0,14.0,9.0,48.0,TIDAK SEHAT
1259,62.0,94.0,59.0,11.0,16.0,46.0,SEDANG
1260,54.0,84.0,59.0,9.0,19.0,31.0,SEDANG
1261,51.0,76.0,58.0,7.0,19.0,19.0,SEDANG
1262,43.0,74.0,59.0,7.0,22.0,29.0,SEDANG
1263,64.0,95.0,61.0,12.0,27.0,47.0,SEDANG
1264,62.0,96.0,61.0,11.0,32.0,40.0,SEDANG
1265,63.0,93.0,60.0,11.0,29.0,45.0,SEDANG
1266,58.0,94.0,60.0,10.0,32.0,44.0,SEDANG
1267,69.0,104.0,62.0,13.0,38.0,50.0,TIDAK SEHAT
1268,66.0,104.0,61.0,11.0,36.0,38.0,TIDAK SEHAT
1269,56.0,85.0,60.0,8.0,35.0,36.0,SEDANG
1270,64.0,103.0,62.0,11.0,32.0,50.0,TIDAK SEHAT
1271,63.0,103.0,63.0,12.0,29.0,58.0,TIDAK SEHAT
1272,62.0,89.0,63.0,9.0,31.0,48.0,SEDANG
1273,60.0,88.0,60.0,9.0,29.0,48.0,SEDANG
1274,59.0,92.0,60.0,9.0,32.0,32.0,SEDANG
1275,55.0,82.0,60.0,8.0,33.0,30.0,SEDANG
1276,60.0,90.0,60.0,12.0,26.0,50.0,SEDANG
1277,65.0,98.0,61.0,12.0,30.0,50.0,SEDANG
1278,54.0,80.0,61.0,8.0,37.0,39.0,SEDANG
1279,61.0,14.0,61.0,10.0,33.0,46.0,SEDANG
1280,59.0,15.0,61.0,11.0,32.0,50.0,SEDANG
1281,47.0,14.0,19.0,22.0,32.0,38.0,BAIK
1282,72.0,83.0,51.0,21.0,32.0,17.0,SEDANG
1283,63.0,75.0,51.0,23.0,28.0,20.0,SEDANG
1284,54.0,58.0,51.0,22.0,22.0,14.0,SEDANG
1285,58.0,64.0,51.0,29.0,18.0,13.0,SEDANG
1286,53.0,67.0,51.0,21.0,21.0,15.0,SEDANG
1287,67.0,75.0,52.0,21.0,24.0,17.0,SEDANG
1288,76.0,87.0,52.0,21.0,30.0,17.0,SEDANG
1289,91.0,98.0,52.0,25.0,32.0,22.0,SEDANG
1290,78.0,85.0,53.0,23.0,32.0,19.0,SEDANG
1291,64.0,75.0,53.0,19.0,39.0,18.0,SEDANG
1292,62.0,68.0,52.0,17.0,47.0,15.0,SEDANG
1293,56.0,66.0,52.0,17.0,43.0,14.0,SEDANG
1294,75.0,88.0,53.0,23.0,38.0,24.0,SEDANG
1295,78.0,85.0,53.0,24.0,37.0,25.0,SEDANG
1296,78.0,84.0,53.0,22.0,42.0,22.0,SEDANG
1297,73.0,83.0,53.0,23.0,44.0,24.0,SEDANG
1298,75.0,93.0,54.0,24.0,56.0,23.0,SEDANG
1299,76.0,90.0,53.0,21.0,46.0,16.0,SEDANG
1300,70.0,81.0,53.0,20.0,48.0,15.0,SEDANG
1301,81.0,95.0,53.0,22.0,48.0,20.0,SEDANG
1302,85.0,95.0,53.0,23.0,43.0,23.0,SEDANG
1303,86.0,102.0,54.0,19.0,47.0,17.0,TIDAK SEHAT
1304,87.0,103.0,52.0,20.0,31.0,13.0,TIDAK SEHAT
1305,69.0,85.0,53.0,22.0,40.0,24.0,SEDANG
1306,75.0,80.0,53.0,21.0,40.0,19.0,SEDANG
1307,72.0,76.0,53.0,22.0,40.0,21.0,SEDANG
1308,71.0,84.0,54.0,26.0,43.0,29.0,SEDANG
1309,70.0,79.0,53.0,20.0,52.0,22.0,SEDANG
1310,187.0,123.0,54.0,23.0,48.0,33.0,TIDAK SEHAT
1311,71.0,82.0,53.0,23.0,43.0,26.0,SEDANG
1312,133.0,135.0,53.0,19.0,38.0,21.0,TIDAK SEHAT
1313,57.0,107.0,32.0,20.0,55.0,15.0,TIDAK SEHAT
1314,54.0,90.0,32.0,21.0,53.0,16.0,SEDANG
1315,36.0,70.0,32.0,21.0,48.0,18.0,SEDANG
1316,51.0,82.0,31.0,26.0,48.0,20.0,SEDANG
1317,51.0,84.0,33.0,19.0,47.0,15.0,SEDANG
1318,45.0,81.0,36.0,19.0,43.0,17.0,SEDANG
1319,53.0,101.0,33.0,20.0,44.0,18.0,TIDAK SEHAT
1320,64.0,118.0,35.0,24.0,32.0,24.0,TIDAK SEHAT
1321,52.0,97.0,35.0,20.0,39.0,15.0,SEDANG
1322,43.0,89.0,35.0,18.0,43.0,15.0,SEDANG
1323,43.0,85.0,32.0,17.0,51.0,10.0,SEDANG
1324,36.0,86.0,33.0,18.0,42.0,11.0,SEDANG
1325,59.0,110.0,36.0,23.0,32.0,23.0,TIDAK SEHAT
1326,58.0,109.0,36.0,22.0,40.0,21.0,TIDAK SEHAT
1327,48.0,100.0,35.0,21.0,50.0,18.0,SEDANG
1328,55.0,103.0,35.0,22.0,45.0,19.0,TIDAK SEHAT
1329,51.0,107.0,37.0,22.0,51.0,21.0,TIDAK SEHAT
1330,55.0,107.0,34.0,21.0,50.0,16.0,TIDAK SEHAT
1331,46.0,94.0,33.0,19.0,57.0,15.0,SEDANG
1332,62.0,115.0,33.0,22.0,52.0,18.0,TIDAK SEHAT
1333,64.0,118.0,35.0,21.0,54.0,18.0,TIDAK SEHAT
1334,47.0,87.0,39.0,18.0,48.0,15.0,SEDANG
1335,46.0,79.0,33.0,17.0,67.0,12.0,SEDANG
1336,54.0,101.0,35.0,19.0,47.0,16.0,TIDAK SEHAT
1337,52.0,93.0,34.0,18.0,50.0,11.0,SEDANG
1338,54.0,102.0,35.0,21.0,40.0,17.0,TIDAK SEHAT
1339,65.0,116.0,36.0,22.0,58.0,18.0,TIDAK SEHAT
1340,50.0,87.0,36.0,20.0,46.0,17.0,SEDANG
1341,59.0,107.0,37.0,20.0,62.0,16.0,TIDAK SEHAT
1342,65.0,127.0,36.0,23.0,47.0,21.0,TIDAK SEHAT
1343,42.0,80.0,35.0,18.0,41.0,13.0,SEDANG
1344,59.0,84.0,59.0,11.0,32.0,25.0,SEDANG
1345,72.0,89.0,59.0,11.0,33.0,35.0,SEDANG
1346,67.0,87.0,59.0,8.0,34.0,25.0,SEDANG
1347,68.0,89.0,59.0,6.0,33.0,21.0,SEDANG
1348,74.0,97.0,59.0,5.0,34.0,14.0,SEDANG
1349,67.0,85.0,60.0,9.0,24.0,17.0,SEDANG
1350,60.0,74.0,59.0,9.0,21.0,16.0,SEDANG
1351,66.0,91.0,59.0,22.0,23.0,57.0,SEDANG
1352,57.0,75.0,59.0,15.0,21.0,42.0,SEDANG
1353,63.0,79.0,60.0,15.0,20.0,43.0,SEDANG
1354,58.0,74.0,59.0,9.0,22.0,15.0,SEDANG
1355,61.0,80.0,58.0,12.0,24.0,21.0,SEDANG
1356,52.0,67.0,59.0,11.0,22.0,21.0,SEDANG
1357,54.0,79.0,61.0,9.0,33.0,45.0,SEDANG
1358,57.0,84.0,61.0,8.0,32.0,46.0,SEDANG
1359,51.0,72.0,60.0,8.0,29.0,42.0,SEDANG
1360,46.0,71.0,61.0,7.0,31.0,38.0,SEDANG
1361,51.0,66.0,61.0,7.0,23.0,41.0,SEDANG
1362,48.0,70.0,61.0,8.0,27.0,39.0,SEDANG
1363,56.0,74.0,61.0,7.0,26.0,38.0,SEDANG
1364,48.0,70.0,61.0,6.0,23.0,34.0,SEDANG
1365,44.0,61.0,61.0,6.0,24.0,34.0,SEDANG
1366,53.0,65.0,60.0,14.0,17.0,71.0,SEDANG
1367,34.0,54.21665672262868,60.0,8.0,20.0,44.0,SEDANG
1368,55.0,80.0,61.0,11.0,28.0,52.0,SEDANG
1369,51.0,68.0,60.0,10.0,26.0,51.0,SEDANG
1370,65.0,87.0,59.0,11.0,35.0,22.0,SEDANG
1371,53.0,70.0,60.0,8.0,32.0,47.0,SEDANG
1372,51.0,74.0,61.0,8.0,33.0,44.0,SEDANG
1373,59.0,84.0,61.0,9.0,28.0,44.0,SEDANG
1374,60.0,61.0,52.0,22.0,44.0,24.0,SEDANG
1375,65.0,63.0,53.0,25.0,47.0,26.0,SEDANG
1376,54.0,57.0,53.0,20.0,51.0,27.0,SEDANG
1377,50.0,55.0,53.0,20.0,56.0,31.0,SEDANG
1378,68.0,70.0,53.0,24.0,49.0,28.0,SEDANG
1379,64.0,80.0,54.0,28.0,42.0,34.0,SEDANG
1380,51.0,62.0,54.0,21.0,34.0,19.0,SEDANG
1381,72.0,73.0,53.0,28.0,37.0,36.0,SEDANG
1382,57.0,59.0,54.0,19.0,51.0,24.0,SEDANG
1383,51.0,56.0,54.0,19.0,40.0,25.0,SEDANG
1384,53.0,55.0,53.0,19.0,45.0,22.0,SEDANG
1385,52.0,53.0,53.0,19.0,42.0,22.0,SEDANG
1386,52.0,57.0,55.0,18.0,52.0,22.0,SEDANG
1387,60.0,66.0,54.0,23.0,44.0,26.0,SEDANG
1388,66.0,64.0,54.0,21.0,44.0,24.0,SEDANG
1389,64.0,63.0,54.0,21.0,45.0,30.0,SEDANG
1390,62.0,59.0,53.0,24.0,41.0,27.0,SEDANG
1391,33.0,103.0,37.0,22.0,51.0,17.0,TIDAK SEHAT
1392,25.0,90.0,37.0,20.0,54.0,16.0,SEDANG
1393,25.0,95.0,38.0,22.0,49.0,17.0,SEDANG
1394,30.0,94.0,38.0,22.0,46.0,16.0,SEDANG
1395,22.0,80.0,37.0,21.0,44.0,18.0,SEDANG
1396,19.0,76.0,36.0,21.0,49.0,15.0,SEDANG
1397,35.0,121.0,38.0,27.0,46.0,19.0,TIDAK SEHAT
1398,25.0,84.0,39.0,21.0,39.0,17.0,SEDANG
1399,24.0,82.0,37.0,20.0,52.0,13.0,SEDANG
1400,32.0,92.0,38.0,20.0,52.0,14.0,SEDANG
1401,20.0,102.0,39.0,23.0,44.0,20.0,TIDAK SEHAT
1402,21.0,92.0,39.0,20.0,48.0,16.0,SEDANG
1403,68.22335338252225,111.0,41.0,21.0,51.0,14.0,TIDAK SEHAT
1404,68.0,113.0,38.0,22.0,48.0,17.0,TIDAK SEHAT
1405,34.0,84.0,39.0,19.0,61.0,12.0,SEDANG
1406,32.0,111.0,40.0,22.0,59.0,18.0,TIDAK SEHAT
1407,53.0,75.0,39.0,20.0,43.0,16.0,SEDANG
1408,47.0,73.0,38.0,19.0,49.0,12.0,SEDANG
1409,61.0,93.0,42.0,21.0,51.0,15.0,SEDANG
1410,55.0,84.0,40.0,18.0,33.0,11.0,SEDANG
1411,38.0,81.0,39.0,19.0,36.0,11.0,SEDANG
1412,54.0,92.0,40.0,21.0,43.0,17.0,SEDANG
1413,52.0,87.0,42.0,19.0,59.0,13.0,SEDANG
1414,43.0,79.0,40.0,17.0,55.0,11.0,SEDANG
1415,50.0,82.0,39.0,20.0,59.0,17.0,SEDANG
1416,50.0,78.0,39.0,21.0,44.0,16.0,SEDANG
1417,48.0,75.0,45.0,17.0,42.0,10.0,SEDANG
1418,42.0,79.0,40.0,18.0,52.0,10.0,SEDANG
1419,51.0,83.0,40.0,19.0,48.0,16.0,SEDANG
1420,56.0,99.0,40.0,20.0,58.0,14.0,SEDANG
1421,55.0,89.0,41.0,20.0,52.0,15.0,SEDANG
1422,62.0,61.0,54.0,26.0,44.0,30.0,SEDANG
1423,74.0,67.0,54.0,24.0,36.0,36.0,SEDANG
1424,58.0,55.0,53.0,34.0,30.0,26.0,SEDANG
1425,55.0,52.0,53.0,30.0,34.0,30.0,SEDANG
1426,41.36588103361504,37.0,53.0,28.0,24.0,25.0,SEDANG
1427,42.0,61.0,54.0,27.0,24.0,19.0,SEDANG
1428,18.0,64.0,55.0,22.0,23.0,20.0,SEDANG
1429,18.0,65.0,55.0,30.0,35.0,28.0,SEDANG
1430,37.0,56.0,53.0,28.0,41.0,30.0,SEDANG
1431,38.0,60.0,53.0,42.0,33.0,27.0,SEDANG
1432,18.0,41.0,54.0,22.0,25.0,21.0,SEDANG
1433,19.0,51.0,54.0,27.0,23.0,25.0,SEDANG
1434,41.68742789963075,44.0,54.0,24.0,33.0,26.0,SEDANG
1435,44.62046448842277,52.0,54.0,22.0,33.0,24.0,SEDANG
1436,43.78094558466491,48.0,54.0,23.0,29.0,26.0,SEDANG
1437,47.90698885963645,54.0,55.0,25.0,28.0,25.0,SEDANG
1438,42.209396842793694,38.0,53.0,27.0,18.0,19.0,SEDANG
1439,41.06744693653109,38.0,54.0,26.0,23.0,16.0,SEDANG
1440,47.19508693240139,51.0,54.0,27.0,28.0,22.0,SEDANG
1441,43.874145777592936,42.0,54.0,26.0,18.0,22.0,SEDANG
1442,35.80463083723256,28.0,53.0,24.0,19.0,20.0,SEDANG
1443,32.92546217506497,27.0,53.0,19.0,19.0,16.0,SEDANG
1444,37.717319206009115,34.0,53.0,20.0,13.0,16.0,SEDANG
1445,66.0,105.0,40.0,22.0,49.0,19.0,TIDAK SEHAT
1446,60.0,97.0,41.0,22.0,44.0,18.0,SEDANG
1447,53.0,81.0,39.0,26.0,36.0,18.0,SEDANG
1448,52.0,67.0,38.0,24.0,38.0,19.0,SEDANG
1449,55.369105579690086,85.0,39.0,21.0,51.0,19.0,SEDANG
1450,53.36022915134544,78.0,38.0,22.0,44.0,19.0,SEDANG
1451,66.64000980749582,108.0,41.0,23.0,58.0,15.0,TIDAK SEHAT
1452,67.1706252554587,109.0,39.0,22.0,53.0,16.0,TIDAK SEHAT
1453,57.62837094918339,91.83172725042951,44.0,21.0,62.0,15.0,SEDANG
1454,57.149185307158156,86.4568643444378,38.0,23.0,49.0,17.0,BAIK
1455,59.72317650220918,92.02540932819733,38.0,25.0,56.0,17.0,SEDANG
1456,51.20622277988061,68.0,39.0,24.0,33.0,17.0,SEDANG
1457,76.15517229524221,113.0,41.0,32.0,39.0,14.0,TIDAK SEHAT
1458,75.56031436296283,124.0,45.0,24.0,57.0,13.0,TIDAK SEHAT
1459,81.27162758635723,133.0,50.0,21.0,44.0,17.0,TIDAK SEHAT
1460,80.9151389949582,141.0,45.0,19.0,61.0,14.0,TIDAK SEHAT
1461,95.68390559964291,157.0,41.0,33.0,55.0,19.0,TIDAK SEHAT
1462,54.520515420923104,87.0,40.0,17.0,51.0,13.0,SEDANG
1463,58.01851262363529,86.0,41.0,21.0,38.0,13.0,SEDANG
1464,50.53513288969458,73.0,41.0,22.0,49.0,17.0,SEDANG
1465,55.079014235664204,79.71337083463843,45.0,20.0,38.0,16.0,BAIK
1466,49.97222545540845,71.0,44.0,17.0,33.0,10.0,SEDANG
1467,51.262407839115404,74.43438013244634,41.0,18.0,36.0,11.0,BAIK
1468,48.06254093915714,68.30152136626124,40.0,16.0,30.0,7.0,BAIK
1469,51.714276114703566,72.68873621513654,42.0,19.0,31.0,7.0,BAIK
1470,41.995714824868905,53.0,42.0,20.0,35.0,8.0,SEDANG
1471,44.39406776195915,56.0,44.0,19.0,28.0,12.0,SEDANG
1472,34.591345782736994,38.0,39.0,18.0,27.0,9.0,BAIK
1473,37.402709386963785,41.0,40.0,17.0,16.0,9.0,BAIK
1474,28.28142321115113,24.0,40.0,15.0,15.0,5.0,BAIK
1475,32.0,65.0,67.0,7.0,9.0,40.0,BAIK
1476,19.0,52.0,67.0,6.0,9.0,33.0,BAIK
1477,19.0,31.0,67.0,4.0,12.0,15.0,BAIK
1478,30.0,45.0,67.0,7.0,10.0,22.0,BAIK
1479,17.0,26.0,67.0,3.0,12.0,13.0,BAIK
1480,26.0,47.0,68.0,4.0,11.0,17.0,BAIK
1481,66.0,103.0,69.0,27.0,12.0,98.0,SEDANG
1482,38.0,67.0,68.0,15.0,18.0,57.0,SEDANG
1483,42.0,69.0,69.0,11.0,11.0,29.0,SEDANG
1484,38.0,56.0,68.0,12.0,7.0,61.0,BAIK
1485,14.0,26.0,68.0,3.0,11.0,15.0,BAIK
1486,19.0,40.0,68.0,3.0,13.0,10.0,BAIK
1487,21.0,52.0,69.0,4.0,13.0,14.0,BAIK
1488,22.0,40.0,68.0,4.0,11.0,15.0,BAIK
1489,18.0,40.0,68.0,6.0,10.0,21.0,BAIK
1490,27.0,48.0,68.0,5.0,10.0,21.0,BAIK
1491,27.0,37.0,68.0,6.0,10.0,30.0,BAIK
1492,50.0,67.0,69.0,8.0,8.0,59.0,BAIK
1493,18.0,35.0,68.0,5.0,8.0,27.0,BAIK
1494,25.0,46.0,69.0,5.0,10.0,32.0,BAIK
1495,23.0,53.0,26.0,5.0,11.0,30.0,BAIK
1496,53.0,80.0,16.0,11.0,13.0,31.0,SEDANG
1497,52.0,78.0,12.0,15.0,11.0,45.0,BAIK
1498,38.0,55.0,12.0,9.0,10.0,33.0,SEDANG
1499,52.0,79.0,12.0,11.0,11.0,52.0,SEDANG
1500,39.0,62.0,12.0,11.0,9.0,35.0,SEDANG
1501,53.0,83.0,12.0,10.0,11.0,36.0,SEDANG
1502,64.0,101.0,14.0,9.0,11.0,35.0,SEDANG
1503,51.0,21.0,13.0,10.0,13.0,35.0,SEDANG
1504,35.0,10.0,13.0,5.0,12.0,13.0,BAIK
1505,29.0,11.0,6.0,13.0,10.0,18.0,BAIK
1506,29.0,39.0,59.0,10.0,10.0,21.0,SEDANG
1507,25.0,32.0,59.0,9.0,10.0,17.0,SEDANG
1508,21.0,22.0,59.0,9.0,12.0,14.0,SEDANG
1509,25.0,21.0,59.0,10.0,11.0,13.0,SEDANG
1510,21.0,21.0,59.0,9.0,11.0,19.0,SEDANG
1511,32.0,33.0,60.0,12.0,11.0,25.0,SEDANG
1512,71.0,87.0,63.0,26.0,10.0,76.0,SEDANG
1513,58.0,68.0,61.0,13.0,14.0,30.0,SEDANG
1514,49.0,58.0,60.0,10.0,10.0,35.0,SEDANG
1515,39.0,43.0,60.0,15.0,8.0,43.0,SEDANG
1516,28.0,36.0,60.0,9.0,12.0,20.0,SEDANG
1517,31.0,34.0,61.0,11.0,12.0,28.997006885796758,SEDANG
1518,36.0,49.0,72.0,10.0,11.0,9.0,SEDANG
1519,33.0,48.0,23.0,11.0,12.0,13.0,BAIK
1520,25.0,34.0,23.0,10.0,12.0,11.0,BAIK
1521,62.0,87.0,11.0,28.0,33.0,47.0,SEDANG
1522,60.0,87.0,14.0,25.0,26.0,41.0,SEDANG
1523,51.0,70.0,10.0,34.0,29.0,43.0,SEDANG
1524,44.0,60.0,8.0,25.0,24.051780932703565,37.0,SEDANG
1525,40.0,65.0,12.0,28.0,75.0,45.0,SEDANG
1526,40.0,58.0,10.0,26.0,15.0,39.0,SEDANG
1527,55.0,83.0,13.0,27.0,18.0,40.0,SEDANG
1528,57.0,83.0,12.0,28.0,24.0,44.0,SEDANG
1529,67.0,99.0,16.0,32.0,20.0,46.0,SEDANG
1530,54.0,71.0,10.0,32.0,15.0,41.0,SEDANG
1531,51.0,71.0,10.0,30.0,18.0,42.0,SEDANG
1532,39.0,53.0,9.0,28.0,9.0,36.0,SEDANG
1533,53.0,74.0,8.0,31.0,7.0,33.0,SEDANG
1534,61.0,96.0,19.0,26.0,9.0,34.0,SEDANG
1535,69.0,106.0,22.0,31.0,13.0,49.0,TIDAK SEHAT
1536,76.0,109.0,12.0,28.0,13.0,40.0,TIDAK SEHAT
1537,76.0,115.0,11.0,38.0,14.0,47.0,TIDAK SEHAT
1538,52.0,68.0,9.0,25.0,9.0,32.0,SEDANG
1539,38.0,61.0,10.0,28.0,16.0,36.0,SEDANG
1540,44.0,62.0,13.0,28.0,19.0,40.0,SEDANG
1541,46.0,64.0,16.0,26.0,16.0,36.0,SEDANG
1542,32.0,48.0,13.0,24.0,17.0,31.0,BAIK
1543,34.0,54.0,12.0,26.0,18.0,29.0,SEDANG
1544,40.0,51.0,10.0,25.0,11.0,22.0,SEDANG
1545,31.0,44.0,14.0,24.0,14.0,27.0,BAIK
1546,40.0,55.0,13.0,26.0,14.0,29.0,SEDANG
1547,50.0,66.00424336340086,10.0,33.0,10.0,27.0,BAIK
1548,30.0,42.0,9.0,25.0,9.0,24.0,BAIK
1549,29.0,32.0,10.0,23.0,8.0,21.0,BAIK
1550,27.0,40.0,10.0,22.0,7.0,16.0,BAIK
1551,62.0,88.0,59.0,15.0,29.0,31.0,SEDANG
1552,70.0,89.0,60.0,11.0,25.0,18.0,SEDANG
1553,51.0,66.0,59.0,18.0,25.0,39.0,SEDANG
1554,52.0,66.0,59.0,15.0,18.0,34.0,SEDANG
1555,51.0,70.0,59.0,13.0,22.0,25.0,SEDANG
1556,50.0,63.0,59.0,14.0,21.0,29.0,SEDANG
1557,60.0,86.0,60.0,12.0,25.0,26.0,SEDANG
1558,60.0,91.0,60.0,16.0,30.0,36.0,SEDANG
1559,71.0,100.0,60.0,11.0,31.0,25.0,SEDANG
1560,60.0,77.0,60.0,20.0,21.0,49.0,SEDANG
1561,55.0,70.0,59.0,16.0,23.0,36.0,SEDANG
1562,52.0,59.0,60.0,15.0,16.0,39.0,SEDANG
1563,61.0,81.0,61.0,13.0,14.0,38.0,SEDANG
1564,64.0,96.0,61.0,10.0,15.0,22.0,SEDANG
1565,76.0,118.0,62.0,14.0,21.0,27.0,TIDAK SEHAT
1566,78.0,113.0,61.0,13.0,20.0,25.0,TIDAK SEHAT
1567,100.0,132.0,62.0,24.0,17.0,52.0,TIDAK SEHAT
1568,58.0,69.0,60.0,11.0,16.0,19.0,SEDANG
1569,50.0,68.0,60.0,16.0,19.0,33.0,SEDANG
1570,57.0,71.0,61.0,15.0,23.0,42.0,SEDANG
1571,57.0,70.0,44.42532896142484,12.0,19.0,29.0,SEDANG
1572,43.0,54.0,60.0,11.0,19.0,25.0,SEDANG
1573,44.0,58.0,60.0,13.0,20.0,27.0,SEDANG
1574,41.0,49.0,60.0,11.0,15.0,20.0,SEDANG
1575,36.0,52.0,60.0,12.0,11.0,25.0,SEDANG
1576,54.0,63.0,62.0,13.0,16.0,35.0,SEDANG
1577,50.0,59.0,61.0,16.0,13.0,41.0,SEDANG
1578,30.0,44.0,59.0,13.0,11.0,25.0,SEDANG
1579,38.0,53.0,60.0,12.0,11.0,25.0,SEDANG
1580,26.0,39.0,59.0,10.0,11.0,21.0,SEDANG
1581,52.0,77.0,64.0,12.0,26.0,59.0,SEDANG
1582,58.0,84.0,65.0,13.0,24.0,71.0,SEDANG
1583,46.0,65.0,63.0,16.0,18.0,81.0,SEDANG
1584,40.0,60.0,63.0,15.0,26.0,77.0,SEDANG
1585,50.0,73.0,64.0,11.0,26.0,67.0,SEDANG
1586,35.0,55.0,64.0,10.0,23.0,60.0,SEDANG
1587,58.0,80.0,65.0,13.0,25.0,79.0,SEDANG
1588,59.0,83.0,64.0,12.0,31.0,58.0,SEDANG
1589,51.0,79.0,64.0,11.0,28.0,64.0,SEDANG
1590,41.0,63.0,64.0,13.0,22.0,67.0,SEDANG
1591,46.0,62.0,64.0,15.0,19.0,66.0,SEDANG
1592,30.0,51.0,63.0,13.0,19.0,82.0,SEDANG
1593,54.0,73.0,65.0,16.0,16.0,85.0,SEDANG
1594,74.0,102.0,68.0,16.0,16.0,92.0,TIDAK SEHAT
1595,70.0,102.0,67.0,13.0,24.0,71.0,TIDAK SEHAT
1596,67.0,87.0,65.0,14.0,22.0,64.0,SEDANG
1597,73.0,88.0,65.0,24.0,23.0,99.0,SEDANG
1598,50.0,57.0,64.0,11.0,19.0,64.0,SEDANG
1599,40.0,56.0,65.0,12.0,17.0,69.0,SEDANG
1600,35.0,51.0,66.0,11.0,26.0,72.0,SEDANG
1601,44.0,60.0,65.0,11.0,22.0,66.0,SEDANG
1602,49.0,61.0,65.0,10.0,18.0,58.0,SEDANG
1603,48.0,64.0,65.0,14.0,16.0,78.0,SEDANG
1604,48.0,55.0,65.0,11.0,13.0,68.0,SEDANG
1605,30.0,50.0,65.0,11.0,14.0,73.0,SEDANG
1606,40.0,60.0,65.0,10.0,17.0,71.0,SEDANG
1607,50.0,63.0,65.0,13.0,13.0,77.0,SEDANG
1608,21.0,10.0,67.0,6.0,13.0,26.0,SEDANG
1609,35.0,10.0,67.0,7.0,10.0,34.0,SEDANG
1610,58.0,59.0,54.0,23.0,36.0,28.0,SEDANG
1611,66.0,68.0,54.0,23.0,32.0,23.0,SEDANG
1612,45.0,52.0,53.0,32.0,28.0,28.0,SEDANG
1613,48.0,51.0,53.0,27.0,35.0,28.0,SEDANG
1614,56.0,55.0,54.0,23.0,35.0,25.0,SEDANG
1615,43.0,49.0,53.0,22.0,29.0,24.0,SEDANG
1616,53.0,61.0,54.0,24.0,33.0,21.0,SEDANG
1617,60.0,86.0,14.0,27.0,26.0,43.0,SEDANG
1618,60.0,83.0,15.0,28.0,18.0,47.0,SEDANG
1619,58.0,77.0,16.0,24.0,22.0,34.0,SEDANG
1620,63.0,92.0,11.0,27.0,26.0,33.0,SEDANG
1621,61.0,86.0,12.0,26.0,31.0,37.0,SEDANG
1622,53.0,71.0,13.0,24.0,35.0,40.0,SEDANG
1623,69.0,94.0,15.0,30.0,33.0,48.0,SEDANG
1624,59.0,70.0,14.0,26.0,32.0,44.0,SEDANG
1625,55.0,73.0,13.0,25.0,36.0,40.0,SEDANG
1626,65.0,82.0,14.0,26.0,39.0,37.0,SEDANG
1627,61.0,82.0,14.0,36.0,20.0,34.0,SEDANG
1628,51.0,82.0,12.0,23.0,28.0,32.0,SEDANG
1629,64.0,94.0,14.0,28.0,32.0,51.0,SEDANG
1630,57.0,84.0,12.0,24.0,40.0,38.0,SEDANG
1631,52.0,78.0,10.0,23.0,34.0,35.0,SEDANG
1632,52.0,73.0,9.0,26.0,40.0,45.0,SEDANG
1633,57.0,76.0,8.0,26.0,29.0,40.0,SEDANG
1634,54.0,78.0,19.0,23.0,34.0,31.0,SEDANG
1635,60.0,83.0,10.0,26.0,37.0,36.0,SEDANG
1636,59.0,75.0,11.0,28.0,29.0,41.0,SEDANG
1637,62.0,86.0,11.0,27.0,36.0,44.0,SEDANG
1638,59.0,78.0,11.0,28.0,29.0,45.0,SEDANG
1639,63.0,85.0,59.0,12.0,28.0,22.0,SEDANG
1640,67.0,89.0,59.0,12.0,30.0,26.0,SEDANG
1641,69.0,96.0,59.0,12.0,25.0,26.0,SEDANG
1642,63.0,82.0,59.0,10.0,29.0,18.0,SEDANG
1643,62.0,82.0,59.0,15.0,23.0,38.0,SEDANG
1644,56.0,75.0,59.0,13.0,28.0,23.0,SEDANG
1645,77.0,107.0,60.0,16.0,25.0,35.0,TIDAK SEHAT
1646,63.0,84.0,60.0,12.0,25.0,23.0,SEDANG
1647,62.0,77.0,59.0,10.0,30.0,15.0,SEDANG
1648,69.0,88.0,59.0,11.0,30.0,22.0,SEDANG
1649,62.0,77.0,59.0,9.0,28.0,16.0,SEDANG
1650,65.0,82.0,60.0,10.0,24.0,19.0,SEDANG
1651,62.0,82.0,58.0,12.0,24.0,18.0,SEDANG
1652,65.0,82.0,59.0,13.0,26.0,26.0,SEDANG
1653,60.0,81.0,59.0,13.0,36.0,25.0,SEDANG
1654,78.0,100.0,60.0,16.0,33.0,36.0,SEDANG
1655,60.0,77.0,59.0,14.0,32.0,33.0,SEDANG
1656,61.0,80.0,59.0,12.0,40.0,23.0,SEDANG
1657,78.0,102.0,59.0,13.0,34.0,26.0,TIDAK SEHAT
1658,59.0,71.0,59.0,12.0,23.0,21.0,SEDANG
1659,51.0,70.0,59.0,12.0,27.0,22.0,SEDANG
1660,85.0,106.0,60.0,14.0,34.0,32.0,TIDAK SEHAT
1661,68.0,90.0,59.0,11.0,38.0,17.0,SEDANG
1662,60.0,74.0,59.0,9.0,29.0,18.0,SEDANG
1663,52.0,69.0,59.0,9.0,31.0,18.0,SEDANG
1664,59.0,75.0,59.0,13.0,31.0,29.0,SEDANG
1665,58.0,77.0,61.0,11.0,32.0,19.0,SEDANG
1666,64.0,90.0,60.0,13.0,30.0,22.0,SEDANG
1667,65.0,86.0,60.0,14.0,31.0,29.0,SEDANG
1668,66.0,87.0,59.0,12.0,34.0,22.0,SEDANG
1669,65.0,80.0,59.0,13.0,28.0,26.0,SEDANG
1670,62.0,91.0,62.0,13.0,25.0,61.0,SEDANG
1671,52.0,84.0,62.0,10.0,29.0,53.0,SEDANG
1672,49.0,81.0,63.0,11.0,23.0,56.0,SEDANG
1673,50.0,75.0,63.0,10.0,25.0,52.0,SEDANG
1674,39.0,69.0,62.0,10.0,27.0,48.0,SEDANG
1675,39.0,67.0,62.0,9.0,28.0,41.0,SEDANG
1676,78.0,115.0,63.0,19.0,23.0,70.0,TIDAK SEHAT
1677,46.0,72.0,63.0,8.0,28.0,47.0,SEDANG
1678,53.0,78.0,62.0,9.0,29.0,43.0,SEDANG
1679,45.0,73.0,62.0,8.0,30.0,46.0,SEDANG
1680,52.0,79.0,63.0,15.0,27.0,68.0,SEDANG
1681,54.0,83.0,64.0,12.0,26.0,59.0,SEDANG
1682,58.0,86.0,63.0,12.0,27.0,52.0,SEDANG
1683,77.0,108.0,63.0,17.0,29.0,63.0,TIDAK SEHAT
1684,50.0,72.0,63.0,9.0,33.0,44.0,SEDANG
1685,61.0,84.0,63.0,14.0,31.0,59.0,SEDANG
1686,37.0,64.0,64.0,8.0,36.0,45.0,SEDANG
1687,36.0,67.0,63.0,8.0,39.0,42.0,SEDANG
1688,60.0,94.0,64.0,12.0,36.0,63.0,SEDANG
1689,53.0,75.0,65.0,9.0,22.0,59.0,SEDANG
1690,33.0,69.0,63.0,7.0,28.0,35.0,SEDANG
1691,49.0,73.0,64.0,9.0,27.0,50.0,SEDANG
1692,43.0,72.0,64.0,7.0,36.0,46.0,SEDANG
1693,26.0,60.0,64.0,6.0,29.0,42.0,SEDANG
1694,53.0,69.0,64.0,9.0,25.0,58.0,SEDANG
1695,46.0,61.0,63.0,9.0,23.0,54.0,SEDANG
1696,44.0,72.0,66.0,8.0,29.0,52.0,SEDANG
1697,58.0,87.0,64.0,10.0,28.0,52.0,SEDANG
1698,45.0,11.0,64.0,10.0,28.0,54.0,SEDANG
1699,53.0,11.0,64.0,9.0,34.0,53.0,SEDANG
1700,51.0,11.0,24.0,26.0,31.0,41.0,SEDANG
1701,100.0,102.0,54.0,25.0,37.0,25.0,TIDAK SEHAT
1702,67.0,92.60202721944128,54.0,22.0,40.0,22.0,SEDANG
1703,65.0,74.0,54.0,25.0,33.0,27.0,SEDANG
1704,64.0,67.0,54.0,21.0,35.0,22.0,SEDANG
1705,58.0,62.0,54.0,24.0,33.0,27.0,SEDANG
1706,50.0,56.0,54.0,21.0,36.0,19.0,SEDANG
1707,75.0,76.0,54.0,30.0,28.0,29.0,SEDANG
1708,59.0,62.0,49.0,20.0,33.0,23.0,SEDANG
1709,61.0,60.0,53.0,19.0,37.0,18.0,SEDANG
1710,58.0,62.0,53.0,20.0,41.0,20.0,SEDANG
1711,64.0,66.0,53.0,23.0,34.0,26.0,SEDANG
1712,58.0,64.0,54.0,21.0,33.0,25.0,SEDANG
1713,59.0,60.0,53.0,21.0,36.0,20.0,SEDANG
1714,78.0,76.0,53.0,29.0,43.0,30.0,SEDANG
1715,15.0,49.0,13.0,6.0,20.0,4.0,BAIK
1716,11.0,54.0,21.0,5.0,42.0,4.0,SEDANG
1717,11.0,54.0,26.0,4.0,50.0,5.0,SEDANG
1718,7.0,25.0,11.0,3.0,55.0,-0.2727673894810394,SEDANG
1719,11.0,37.0,24.0,3.0,49.0,3.0,BAIK
1720,10.0,43.0,18.0,3.0,52.0,5.0,SEDANG
1721,15.0,54.0,3.0,12.0,38.0,13.0,SEDANG
1722,15.0,53.0,16.0,10.0,26.0,14.0,SEDANG
1723,16.0,66.0,28.0,7.0,28.0,15.0,SEDANG
1724,17.0,74.0,25.0,13.0,25.0,13.0,SEDANG
1725,16.0,64.0,22.0,10.0,24.0,9.0,SEDANG
1726,17.0,62.0,34.0,8.0,21.0,9.0,SEDANG
1727,10.0,54.0,24.0,3.0,13.0,8.0,SEDANG
1728,8.0,32.0,22.0,3.0,20.0,7.0,BAIK
1729,11.0,32.0,15.0,6.0,25.0,14.0,BAIK
1730,8.0,24.0,13.0,4.0,28.0,8.0,BAIK
1731,10.0,51.0,14.0,7.0,26.0,13.0,SEDANG
1732,27.0,33.0,22.0,14.0,16.0,12.0,BAIK
1733,26.0,38.0,23.0,15.0,14.0,20.537049778521506,BAIK
1734,33.0,41.0,22.0,13.0,11.0,5.0,BAIK
1735,22.0,28.0,24.0,12.0,9.0,5.0,BAIK
1736,33.0,32.0,24.0,16.0,9.0,22.167953822918463,BAIK
1737,31.0,40.0,22.0,14.0,10.0,21.2080984096826,BAIK
1738,36.0,53.0,22.0,15.0,11.0,22.819537358395024,SEDANG
1739,39.0,46.0,21.0,14.0,12.0,21.279953790316085,BAIK
1740,49.0,63.0,23.0,20.0,14.0,17.0,SEDANG
1741,43.0,50.0,22.0,16.0,12.0,15.0,BAIK
1742,46.0,58.0,22.0,20.0,12.0,21.0,SEDANG
1743,41.0,55.0,24.0,15.0,12.0,11.0,SEDANG
1744,46.0,59.0,25.0,14.0,12.0,15.0,SEDANG
1745,49.0,61.0,26.0,13.0,14.0,12.0,SEDANG
1746,34.0,50.0,21.0,11.0,14.0,11.0,BAIK
1747,29.0,35.0,22.0,11.0,12.0,13.0,BAIK
1748,32.0,65.0,67.0,7.0,9.0,40.0,SEDANG
1749,19.0,52.0,67.0,6.0,9.0,33.0,SEDANG
1750,19.0,31.0,67.0,4.0,12.0,15.0,SEDANG
1751,30.0,45.0,67.0,7.0,10.0,22.0,SEDANG
1752,17.0,26.0,67.0,3.0,12.0,13.0,SEDANG
1753,26.0,47.0,68.0,4.0,11.0,17.0,SEDANG
1754,66.0,103.0,69.0,27.0,12.0,98.0,TIDAK SEHAT
1755,38.0,67.0,68.0,15.0,18.0,57.0,SEDANG
1756,42.0,69.0,69.0,11.0,11.0,29.0,SEDANG
1757,38.0,56.0,68.0,12.0,7.0,61.0,SEDANG
1758,14.0,26.0,68.0,3.0,11.0,15.0,SEDANG
1759,19.0,40.0,68.0,3.0,13.0,10.0,SEDANG
1760,21.0,52.0,69.0,4.0,13.0,14.0,SEDANG
1761,22.0,40.0,68.0,4.0,11.0,15.0,SEDANG
1762,18.0,40.0,68.0,6.0,10.0,21.0,SEDANG
1763,27.0,48.0,68.0,5.0,10.0,21.0,SEDANG
1764,27.0,37.0,68.0,6.0,10.0,30.0,SEDANG
1765,50.0,67.0,69.0,8.0,8.0,59.0,SEDANG
1766,18.0,35.0,68.0,5.0,8.0,27.0,SEDANG
1767,25.0,46.0,69.0,5.0,10.0,32.0,SEDANG
1768,23.0,53.0,26.0,5.0,11.0,30.0,SEDANG
1769,53.0,80.0,16.0,11.0,13.0,31.0,SEDANG
1770,52.0,78.0,12.0,15.0,11.0,45.0,SEDANG
1771,38.0,55.0,12.0,9.0,10.0,33.0,SEDANG
1772,52.0,79.0,12.0,11.0,11.0,52.0,SEDANG
1773,39.0,62.0,12.0,11.0,9.0,35.0,SEDANG
1774,53.0,83.0,12.0,10.0,11.0,36.0,SEDANG
1775,64.0,101.0,14.0,9.0,11.0,35.0,TIDAK SEHAT
1776,51.0,21.0,13.0,10.0,13.0,35.0,SEDANG
1777,35.0,10.0,13.0,5.0,12.0,13.0,BAIK
1778,29.0,11.0,6.0,13.0,10.0,18.0,BAIK
1779,33.90417629225335,28.0,54.0,18.0,13.0,10.0,SEDANG
1780,28.91993356058572,19.0,53.0,17.0,13.0,10.0,SEDANG
1781,25.444706966992506,15.0,53.0,15.0,17.0,11.0,SEDANG
1782,29.33293832620437,20.0,53.0,17.0,14.0,15.0,SEDANG
1783,26.28170407722937,17.0,53.0,15.0,18.0,12.0,SEDANG
1784,29.504028529708684,22.0,53.0,16.0,16.0,13.0,SEDANG
1785,69.79116234069713,77.0,54.0,45.0,19.0,33.0,SEDANG
1786,49.58780562454148,54.0,54.0,29.0,28.0,22.0,SEDANG
1787,39.74430148030779,37.0,54.0,22.0,17.0,23.0,SEDANG
1788,41.19995532187239,29.0,54.0,31.0,9.0,19.0,SEDANG
1789,26.556877098865538,16.0,54.0,15.0,14.0,13.0,SEDANG
1790,27.046423569398243,19.0,54.0,14.0,17.0,10.0,SEDANG
1791,28.233393112860252,22.0,54.0,14.0,19.0,12.0,SEDANG
1792,15.0,18.0,54.0,15.0,14.0,11.0,SEDANG
1793,26.0,21.0,54.0,18.0,15.0,14.0,SEDANG
1794,22.0,19.0,54.0,18.0,14.0,15.0,SEDANG
1795,26.0,21.0,54.0,18.0,17.0,15.0,SEDANG
1796,35.0,29.0,54.0,18.0,12.0,11.0,SEDANG
1797,24.0,22.0,54.0,16.0,13.0,10.0,SEDANG
1798,26.0,20.0,54.0,18.0,17.0,14.0,SEDANG
1799,34.0,20.0,22.0,17.0,14.0,16.0,BAIK
1800,48.0,35.0,22.0,22.0,19.0,22.0,BAIK
1801,50.0,30.0,21.0,25.0,18.0,24.0,BAIK
1802,38.0,22.0,21.0,23.0,15.0,21.0,BAIK
1803,39.0,27.0,21.0,14.0,15.0,12.0,BAIK
1804,42.0,26.0,21.0,14.0,14.0,10.0,BAIK
1805,44.0,29.0,21.0,11.0,17.0,14.0,BAIK
1806,50.0,33.0,23.0,9.0,20.0,13.0,BAIK
1807,53.0,37.0,23.0,12.0,19.0,14.0,SEDANG
1808,39.0,19.0,22.0,7.0,22.0,11.0,BAIK
1809,27.0,15.0,21.0,6.0,18.0,8.0,BAIK
1810,28.951705847181508,26.0,39.0,15.0,16.0,4.0,BAIK
1811,26.52941807538144,22.0,39.0,15.0,19.0,3.0,BAIK
1812,23.809876383012217,18.0,39.0,14.0,21.0,3.0,BAIK
1813,27.010880945062627,23.0,42.0,15.0,22.0,6.0,BAIK
1814,25.456037915633143,22.0,41.0,15.0,28.0,5.0,BAIK
1815,31.045960147510026,31.0,45.0,16.0,27.0,8.0,BAIK
1816,59.28265309611284,67.0,44.0,41.0,33.0,15.0,SEDANG
1817,40.29965451708461,48.0,40.0,24.0,41.0,12.0,BAIK
1818,39.65580779614474,50.0,43.0,19.0,39.0,12.0,BAIK
1819,39.001807365019175,43.0,40.0,21.0,24.0,8.0,BAIK
1820,31.238370241443246,33.0,42.0,15.0,26.0,4.0,BAIK
1821,28.10622445977425,25.0,42.0,15.0,21.0,4.0,BAIK
1822,34.511848304668824,36.0,45.0,15.0,17.0,6.0,BAIK
1823,31.181182848729485,31.0,42.0,15.0,20.0,4.0,BAIK
1824,33.08861325566504,34.0,44.0,16.0,22.0,5.0,BAIK
1825,32.09851678467612,35.0,42.0,16.0,30.0,6.0,BAIK
1826,32.47708291425815,37.0,42.0,16.0,34.0,7.0,BAIK
1827,25.60283924360649,29.0,18.0,15.0,29.0,5.0,BAIK
1828,20.557115678744825,20.0,51.0,4.0,29.0,5.0,SEDANG
1829,24.589975843568013,36.0,15.0,7.0,31.0,6.0,BAIK
1830,24.788874341715395,38.0,17.0,6.0,35.0,8.0,BAIK
1831,23.995272119322525,38.0,14.0,7.0,41.0,12.0,BAIK
1832,21.207218376962977,35.0,3.0,8.0,43.0,12.0,BAIK
1833,31.954709664415695,51.0,10.0,11.0,39.0,12.0,SEDANG
1834,26.929612330116896,43.0,9.0,7.0,33.0,9.0,BAIK
1835,33.359689230009835,51.0,7.0,10.0,24.0,11.0,SEDANG
1836,36.64482788948746,55.0,27.0,9.0,30.0,12.0,SEDANG
1837,27.806792434644592,40.0,26.0,6.0,30.0,12.0,BAIK
1838,35.19676096160828,51.0,32.0,8.0,28.0,11.0,SEDANG
1839,20.834935858383417,34.0,9.0,5.0,38.0,8.0,BAIK
1840,17.762027288312208,26.0,9.0,3.0,26.0,3.0,BAIK
1841,46.0,63.0,12.0,22.0,10.0,16.0,SEDANG
1842,30.0,38.0,12.0,21.0,11.0,18.0,BAIK
1843,43.0,57.0,14.0,23.0,11.0,24.0,SEDANG
1844,37.0,61.0,15.0,22.0,9.0,17.0,SEDANG
1845,26.0,56.0,10.0,20.0,8.0,11.0,SEDANG
1846,47.0,58.0,14.0,28.0,9.0,21.0,SEDANG
1847,33.0,46.0,13.0,24.0,7.0,19.0,BAIK
1848,30.0,46.0,12.0,24.0,7.0,19.0,BAIK
1849,20.0,26.0,9.0,23.0,7.0,19.0,BAIK
1850,39.0,58.0,30.216287561065457,19.0,12.0,25.0,SEDANG
1851,41.0,56.0,40.907943687422204,10.0,18.0,27.0,SEDANG
1852,45.0,58.0,19.0,13.0,13.0,25.0,SEDANG
1853,28.0,37.0,12.0,11.0,9.0,18.0,BAIK
1854,32.0,54.0,51.0,15.0,6.0,13.0,SEDANG
1855,34.0,51.0,62.0,15.0,8.0,23.0,SEDANG
1856,40.0,57.0,62.0,15.0,6.0,25.0,SEDANG
1857,33.0,55.0,33.666236330634504,14.0,7.0,25.0,SEDANG
1858,24.0,34.0,29.0,11.0,10.0,21.0,BAIK
1859,29.0,50.0,34.0,12.0,10.0,20.0,BAIK
1860,25.0,39.0,30.0,10.0,11.0,22.0,BAIK
1861,32.0,52.0,23.0,19.0,7.0,31.0,SEDANG
1862,31.0,51.0,28.0,17.0,7.0,29.0,SEDANG
1863,38.0,59.0,26.0,16.0,11.0,33.0,SEDANG
1864,52.0,73.0,25.0,22.0,10.0,38.0,SEDANG
1865,39.0,55.0,24.0,19.0,8.0,24.0,SEDANG
1866,42.0,59.0,32.0,16.0,7.0,28.0,SEDANG
1867,35.0,50.0,26.0,10.0,7.0,19.0,BAIK
1868,31.0,36.0,23.0,9.0,6.0,17.0,BAIK
1869,25.0,32.0,19.0,10.0,8.0,25.0,BAIK
1870,25.0,30.0,18.0,9.0,17.0,21.0,BAIK
1871,37.0,51.0,21.0,12.0,16.0,31.0,SEDANG
1872,48.0,60.0,25.0,13.0,12.0,13.0,SEDANG
1873,29.0,38.0,23.0,11.0,12.0,12.0,BAIK
1874,51.0,60.0,26.0,13.0,12.0,16.0,SEDANG
1875,37.0,48.0,24.0,10.0,11.0,14.0,BAIK
1876,29.0,51.0,22.0,11.0,10.0,16.0,SEDANG
1877,56.0,71.0,25.0,18.0,11.0,36.0,SEDANG
1878,32.0,37.0,24.0,12.0,11.0,17.0,BAIK
1879,29.0,36.0,24.0,11.0,10.0,19.0,BAIK
1880,22.0,23.0,21.0,11.0,12.0,17.0,BAIK
1881,47.0,56.0,23.0,16.0,14.0,15.0,SEDANG
1882,39.0,55.0,22.0,11.0,19.0,8.0,SEDANG
1883,44.0,55.0,24.0,11.0,14.0,10.0,SEDANG
1884,26.0,33.0,22.0,11.0,12.0,12.0,BAIK
1885,28.0,32.0,23.0,11.0,10.0,15.0,BAIK
1886,30.0,43.0,24.0,13.0,11.0,26.0,BAIK
1887,36.0,48.0,25.0,10.0,10.0,17.0,BAIK
1888,32.0,47.0,25.0,9.0,11.0,12.0,BAIK
1889,24.0,35.0,21.0,10.0,12.0,13.0,BAIK
1890,33.0,39.0,24.0,10.0,11.0,17.0,BAIK
1891,26.0,37.0,26.0,10.0,12.0,12.0,BAIK
1892,39.0,53.0,21.0,17.0,9.0,23.0,SEDANG
1893,36.0,52.0,24.0,14.0,9.0,22.0,SEDANG
1894,35.0,46.0,21.0,8.0,13.0,11.0,BAIK
1895,52.0,68.0,26.0,14.0,11.0,20.0,SEDANG
1896,47.0,57.0,24.0,15.0,11.0,35.0,SEDANG
1897,47.0,57.0,24.0,12.0,10.0,19.0,SEDANG
1898,29.0,49.0,22.0,7.0,9.0,14.0,BAIK
1899,33.0,36.0,22.0,7.0,9.0,13.0,BAIK
1900,27.0,30.0,21.0,8.0,12.0,12.0,BAIK
1901,21.689602294173298,26.0,20.0,6.0,20.0,11.0,BAIK
1902,51.0,41.0,20.0,8.0,16.0,10.0,SEDANG
1903,49.0,73.0,45.928305135086,8.0,10.0,27.0,SEDANG
1904,28.0,60.0,40.28158884445859,6.0,11.0,22.0,SEDANG
1905,38.0,69.0,44.975376194267085,8.0,13.0,35.0,SEDANG
1906,34.0,62.0,13.0,5.0,10.0,23.0,SEDANG
1907,41.0,68.0,13.0,7.0,9.0,35.0,SEDANG
1908,51.0,79.0,16.0,13.0,13.0,46.0,SEDANG
1909,51.0,71.0,13.0,8.0,10.0,38.0,SEDANG
1910,31.0,54.0,13.0,5.0,12.0,19.0,SEDANG
1911,20.0,51.0,14.0,8.0,13.0,26.0,SEDANG
1912,53.0,77.0,19.0,15.0,16.0,43.0,SEDANG
1913,29.0,63.0,11.0,8.0,23.0,9.0,SEDANG
1914,37.0,64.0,9.0,8.0,13.0,11.0,SEDANG
1915,36.0,59.0,8.0,8.0,10.0,18.0,SEDANG
1916,28.0,52.0,14.0,6.0,10.0,10.0,SEDANG
1917,35.0,56.0,11.0,9.0,10.0,33.0,SEDANG
1918,34.0,60.0,11.0,6.0,10.0,19.0,SEDANG
1919,33.0,59.0,14.0,7.0,11.0,16.0,SEDANG
1920,21.0,40.0,12.0,7.0,11.0,9.0,BAIK
1921,19.0,40.0,12.0,6.0,11.0,17.0,BAIK
1922,23.0,41.0,13.0,7.0,12.0,12.0,BAIK
1923,40.0,58.0,13.0,14.0,11.0,56.0,SEDANG
1924,33.0,51.0,14.0,13.0,8.0,48.0,SEDANG
1925,57.0,90.0,23.0,20.0,13.0,81.0,SEDANG
1926,51.0,75.0,22.0,14.0,11.0,59.0,SEDANG
1927,31.0,57.0,20.0,11.0,9.0,51.0,SEDANG
1928,42.0,63.0,23.0,14.0,8.0,63.0,SEDANG
1929,26.0,54.0,20.0,6.0,9.0,18.0,SEDANG
1930,23.0,46.0,23.0,5.0,9.0,18.040808580880885,BAIK
1931,25.0,40.0,24.0,10.0,9.0,27.0,BAIK
1932,23.0,38.0,22.0,8.0,17.0,16.299869508098425,BAIK
1933,32.0,55.0,23.0,10.0,18.0,16.0,SEDANG
1934,46.0,30.0,23.0,9.0,19.0,9.0,BAIK
1935,31.0,23.0,23.0,8.0,20.0,11.0,BAIK
1936,55.0,51.0,23.0,12.0,19.0,13.0,SEDANG
1937,45.0,27.0,24.0,7.0,17.0,11.0,BAIK
1938,35.0,28.0,23.0,9.0,12.0,8.0,BAIK
1939,55.0,43.0,22.0,18.0,21.0,11.0,SEDANG
1940,37.0,25.0,10.0,12.0,14.0,8.0,BAIK
1941,27.0,21.0,10.0,8.0,15.0,9.0,BAIK
1942,26.0,16.0,10.0,10.0,14.0,13.0,BAIK
1943,50.0,33.0,12.0,19.0,22.0,17.0,BAIK
1944,45.0,23.0,12.0,10.0,30.0,17.0,BAIK
1945,48.0,21.0,11.0,11.0,19.0,11.0,BAIK
1946,30.0,22.0,11.0,10.0,12.0,12.0,BAIK
1947,26.0,14.0,13.0,8.0,14.0,11.0,BAIK
1948,32.0,23.0,12.0,10.0,14.0,9.0,BAIK
1949,34.0,23.0,13.0,8.0,16.0,10.0,BAIK
1950,33.0,20.0,14.0,8.0,15.0,11.0,BAIK
1951,22.0,14.0,11.0,8.0,15.0,9.0,BAIK
1952,27.0,16.0,12.0,8.0,17.0,9.0,BAIK
1953,27.0,16.0,12.0,10.0,18.0,9.0,BAIK
1954,39.0,22.0,12.0,14.0,15.0,11.0,BAIK
1955,31.0,14.0,12.0,16.0,11.0,10.0,BAIK
1956,52.0,35.0,15.0,18.0,18.0,14.0,SEDANG
1957,54.0,30.0,12.0,13.0,17.0,12.0,SEDANG
1958,46.0,33.0,14.0,15.0,15.0,11.0,BAIK
1959,49.0,27.0,13.0,17.0,12.0,9.0,BAIK
1960,26.0,20.0,12.0,7.0,14.0,8.0,BAIK
1961,27.0,18.0,13.0,6.0,12.0,7.0,BAIK
1962,27.0,12.0,11.0,10.0,13.0,10.0,BAIK
1963,50.0,52.0,12.0,9.0,22.0,10.0,SEDANG
1964,33.0,14.0,12.0,9.0,26.0,13.0,BAIK
1965,30.342664430650036,48.0,12.0,6.0,26.0,7.0,BAIK
1966,18.478780280232073,26.0,13.0,4.0,28.0,4.0,BAIK
1967,31.668000900927193,46.0,22.0,8.0,26.0,8.0,BAIK
1968,23.5733650478243,33.0,25.0,4.0,28.0,8.0,BAIK
1969,19.170987109852618,26.0,4.0,4.0,16.0,8.776448925853108,BAIK
1970,32.215780639303766,46.0,15.0,8.0,17.0,15.543744485800033,BAIK
1971,9.0,43.0,21.0,4.0,20.0,4.0,BAIK
1972,10.0,35.0,12.0,4.0,22.0,5.0,BAIK
1973,14.0,29.0,3.0,6.0,31.0,7.0,BAIK
1974,20.0,74.0,12.0,13.0,29.0,15.0,SEDANG
1975,19.0,60.0,10.0,6.0,36.0,10.0,SEDANG
1976,14.0,56.0,14.0,5.0,25.0,9.0,SEDANG
1977,10.0,35.0,8.0,5.0,21.0,5.0,BAIK
1978,12.0,33.0,17.0,5.0,24.0,6.0,BAIK
1979,41.0,51.0,19.0,10.0,14.0,27.0,SEDANG
1980,41.0,47.0,18.0,9.0,15.0,20.0,BAIK
1981,38.0,45.0,19.0,9.0,16.0,24.0,BAIK
1982,54.0,73.0,26.0,17.0,11.0,40.0,SEDANG
1983,40.0,47.0,27.0,13.0,10.0,26.0,BAIK
1984,41.0,53.0,37.0,14.0,11.0,31.0,SEDANG
1985,35.0,50.0,30.0,13.0,11.0,29.0,BAIK
1986,33.0,48.0,31.0,12.0,10.0,34.0,BAIK
1987,38.0,52.0,33.0,12.0,11.0,25.0,SEDANG
1988,31.0,38.0,29.0,11.0,13.0,26.0,BAIK
1989,36.0,51.0,29.0,13.0,12.0,35.0,SEDANG
1990,54.0,74.0,37.0,16.0,16.0,43.0,SEDANG
1991,56.0,74.0,35.0,18.0,9.0,39.0,SEDANG
1992,44.0,68.0,35.0,13.0,9.0,30.0,SEDANG
1993,34.0,54.0,33.0,12.0,7.0,19.0,SEDANG
1994,42.0,67.0,36.0,18.0,10.0,26.0,SEDANG
1995,44.0,56.52319471372876,33.0,16.0,6.0,28.02296991780633,BAIK
1996,48.0,67.49921571878437,37.16966400955149,15.50677765732891,24.571280961694253,25.35515075853954,BAIK
1997,53.0,73.0,32.0,28.0,6.0,26.0,SEDANG
1998,42.0,50.0,31.0,11.0,10.0,22.0,BAIK
1999,51.0,72.0,40.0,20.0,9.0,30.0,SEDANG
2000,50.0,63.0,33.0,22.0,9.0,31.0,SEDANG
2001,56.0,70.0,48.0,21.0,8.0,30.0,SEDANG
2002,42.0,55.0,28.0,15.0,14.0,28.0,SEDANG
2003,47.0,66.0,38.0,19.0,5.0,31.0,SEDANG
2004,45.0,57.0,30.0,17.0,7.0,30.0,SEDANG
2005,54.0,85.0,36.0,26.0,12.0,50.0,SEDANG
2006,44.0,57.0,33.0,13.0,10.0,23.0,SEDANG
2007,51.0,33.0,20.0,6.0,17.0,7.0,SEDANG
2008,38.0,35.0,20.0,5.0,19.0,9.0,BAIK
2009,39.0,37.0,20.0,5.0,21.0,10.0,BAIK
2010,52.0,61.0,21.0,7.0,16.0,10.0,SEDANG
2011,42.0,42.0,23.0,7.0,11.0,14.0,BAIK
2012,40.0,51.0,21.0,4.0,14.0,11.0,SEDANG
2013,35.0,44.0,21.0,6.0,15.0,15.0,BAIK
2014,42.0,50.0,21.0,6.0,14.0,9.0,BAIK
2015,34.0,33.0,22.0,4.0,15.0,9.0,BAIK
2016,36.0,35.0,21.0,3.0,15.0,10.0,BAIK
2017,34.0,37.0,22.0,4.0,15.0,11.0,BAIK
2018,53.0,71.0,30.0,5.0,19.0,7.0,SEDANG
2019,65.0,79.0,31.0,4.0,20.0,13.0,SEDANG
2020,56.0,70.0,31.0,2.0,17.0,11.0,SEDANG
2021,37.0,51.0,29.0,12.772567042200063,9.0,17.0,SEDANG
2022,39.0,56.0,29.0,13.459009123644236,8.0,21.0,SEDANG
2023,49.0,69.0,31.0,29.0,7.0,50.0,SEDANG
2024,55.97607846085759,67.0,31.0,29.0,8.0,29.0,SEDANG
2025,55.0,38.0,18.0,10.0,24.0,15.0,SEDANG
2026,36.0,49.0,29.0,14.0,10.0,15.0,BAIK
2027,25.0,29.0,28.0,15.0,12.0,12.0,BAIK
2028,32.0,52.0,29.0,15.0,13.0,9.0,SEDANG
2029,37.0,53.0,29.0,13.0,16.0,8.0,SEDANG
2030,37.0,50.0,28.0,13.0,17.0,8.0,BAIK
2031,39.0,53.0,28.0,14.0,18.0,9.0,SEDANG
2032,46.0,56.0,28.0,21.0,13.0,15.0,SEDANG
2033,39.0,47.0,28.0,15.0,15.0,9.0,BAIK
2034,35.0,39.0,28.0,16.0,11.0,13.0,BAIK
2035,51.0,61.0,28.0,20.0,13.0,16.0,SEDANG
2036,54.0,60.0,28.0,16.0,15.0,12.0,SEDANG
2037,37.0,49.0,28.0,16.0,12.0,13.0,BAIK
2038,20.0,21.0,28.0,12.0,12.0,12.0,BAIK
2039,26.0,30.0,28.0,13.0,12.0,13.0,BAIK
2040,22.0,25.0,28.0,12.0,12.0,12.0,BAIK
2041,26.0,58.0,58.0,11.0,20.0,24.0,SEDANG
2042,57.0,94.0,59.0,18.0,26.0,26.0,SEDANG
2043,24.0,53.0,59.0,10.0,24.0,14.0,SEDANG
2044,19.0,46.0,31.250110957427438,10.926798191590066,23.57227197925344,18.990184269524672,BAIK
2045,39.0,65.0,60.0,13.0,22.0,37.0,SEDANG
2046,59.0,99.0,60.0,19.0,23.0,59.0,SEDANG
2047,29.0,52.0,58.0,7.0,16.0,10.0,SEDANG
2048,42.0,72.0,60.0,9.0,17.0,25.0,SEDANG
2049,35.0,58.0,34.51529386526117,13.462854047023384,24.16781786668571,22.507835742110913,SEDANG
2050,42.0,67.0,35.9228491762553,14.82080935009886,25.631243649717856,24.20783501023392,SEDANG
2051,59.0,87.0,39.35157907420791,17.995668371388675,28.589568439190337,28.256658080998758,SEDANG
2052,40.0,64.0,59.0,16.0,22.0,46.0,SEDANG
2053,50.0,86.0,63.0,12.0,22.0,35.0,SEDANG
2054,40.0,63.0,58.0,11.0,12.0,32.0,SEDANG
2055,42.0,65.0,59.0,6.0,8.0,20.0,SEDANG
2056,32.0,53.0,58.0,8.0,8.0,29.76768125974445,SEDANG
2057,39.0,70.0,57.0,11.0,7.0,37.0,SEDANG
2058,20.0,40.0,55.0,7.0,13.0,21.0,SEDANG
2059,23.0,39.0,17.0,6.0,17.0,15.0,BAIK
2060,35.0,56.0,26.0,7.0,15.0,35.0,SEDANG
2061,42.0,66.0,21.0,11.0,15.0,38.0,SEDANG
2062,56.0,87.0,19.0,11.0,13.0,27.0,SEDANG
2063,52.0,73.0,20.0,12.0,11.0,36.0,SEDANG
2064,43.0,65.0,21.0,12.0,15.0,24.0,SEDANG
2065,39.0,62.0,19.0,18.0,10.0,56.0,SEDANG
2066,56.0,84.0,21.0,16.0,15.0,34.0,SEDANG
2067,56.0,92.0,21.0,25.0,11.0,93.0,SEDANG
2068,33.0,53.0,19.0,13.0,8.0,29.0,SEDANG
2069,17.0,26.0,18.0,4.0,10.0,9.0,BAIK
2070,31.0,28.0,18.0,8.0,8.0,36.0,BAIK
2071,24.0,30.0,7.0,12.0,11.0,14.0,BAIK
2072,48.0,25.0,16.0,11.0,32.0,18.0,BAIK
2073,54.0,74.17418439942946,16.0,14.0,32.0,20.0,SEDANG
2074,37.0,32.0,15.0,10.0,30.0,16.0,BAIK
2075,26.0,25.0,15.0,8.0,19.0,19.0,BAIK
2076,26.0,41.0,29.0,13.0,11.0,15.0,BAIK
2077,47.172718060930265,63.0,32.0,17.0,15.0,8.0,SEDANG
2078,45.263927545296674,56.0,32.0,19.0,12.0,15.0,SEDANG
2079,48.97872093814857,63.0,32.0,19.0,10.0,15.0,SEDANG
2080,35.61894193603179,43.0,30.0,15.0,19.0,8.0,BAIK
2081,31.0,51.0,40.0,16.0,17.0,21.0,SEDANG
2082,54.0,61.0,35.0,19.0,9.0,18.0,SEDANG
2083,64.0,83.0,31.0,22.0,11.0,24.0,SEDANG
2084,41.0,59.0,28.0,20.0,11.0,10.0,SEDANG
2085,33.0,57.0,25.0,9.0,19.0,14.0,SEDANG
2086,41.0,68.0,24.0,13.0,17.0,21.0,SEDANG
2087,41.0,64.0,27.0,13.0,17.0,21.0,SEDANG
2088,54.0,84.0,35.0,15.0,16.0,45.0,SEDANG
2089,31.0,44.0,33.0,5.0,14.0,9.0,BAIK
2090,25.0,50.0,36.0,6.0,15.0,7.0,BAIK
2091,31.0,58.0,37.0,12.0,18.0,40.0,SEDANG
2092,35.0,56.0,41.0,10.0,16.0,18.0,SEDANG
2093,45.0,60.0,44.0,12.0,15.0,25.0,SEDANG
2094,49.0,69.0,44.0,13.0,16.0,27.0,SEDANG
2095,46.0,66.0,44.0,12.0,19.0,21.0,SEDANG
2096,57.0,85.0,48.0,14.0,19.0,28.0,SEDANG
2097,53.0,78.0,50.0,12.0,14.0,39.0,SEDANG
2098,47.0,71.0,51.0,9.0,12.0,42.0,SEDANG
2099,35.0,60.0,49.0,7.0,10.0,25.0,SEDANG
2100,61.0,92.0,39.74016220724953,18.54454416188635,29.786694501914532,28.84665614734746,SEDANG
2101,53.0,75.0,52.0,13.0,7.0,52.0,SEDANG
2102,45.0,68.0,36.54205837520183,15.21350953421814,25.341950351184565,24.81371907838833,SEDANG
2103,59.0,82.0,39.37952868911876,17.664427216290804,26.985735829482962,28.04195574917672,SEDANG
2104,32.0,56.0,50.0,9.0,11.0,28.0,SEDANG
2105,45.0,64.0,55.0,9.0,14.0,20.0,SEDANG
2106,40.0,70.0,54.0,8.0,9.0,20.0,SEDANG
2107,46.0,67.0,59.0,12.0,12.0,42.0,SEDANG
2108,45.0,70.0,52.0,18.0,19.0,40.0,SEDANG
2109,41.0,67.0,53.0,14.0,11.0,47.0,SEDANG
2110,46.0,65.0,57.0,11.0,11.0,51.0,SEDANG
2111,63.0,94.0,57.0,20.0,16.0,45.0,SEDANG
2112,34.0,61.0,61.0,11.0,25.0,20.0,SEDANG
2113,39.0,15.0,12.0,9.0,24.0,13.0,BAIK
2114,41.0,14.0,12.0,10.0,23.0,12.0,BAIK
2115,52.0,21.0,13.0,13.0,24.0,14.0,SEDANG
2116,52.0,30.0,14.0,16.0,22.0,20.0,SEDANG
2117,35.0,14.0,13.0,9.0,16.0,14.0,BAIK
2118,31.0,16.0,13.0,8.0,19.0,14.0,BAIK
2119,40.0,19.0,13.0,12.0,21.0,20.0,BAIK
2120,44.0,23.0,13.0,11.0,20.0,19.0,BAIK
2121,21.908999507480402,19.0,14.0,15.0,19.0,17.0,BAIK
2122,34.0,18.0,34.53062441057172,10.704107488540515,11.54051026251829,20.6025692202713,BAIK
2123,42.0,22.0,13.0,12.0,23.0,19.0,BAIK
2124,58.0,32.0,14.0,17.0,21.0,23.0,SEDANG
2125,72.0,52.0,15.0,14.0,19.0,15.0,SEDANG
2126,56.0,39.0,16.0,11.0,19.0,23.0,SEDANG
2127,43.0,23.0,14.0,9.0,12.0,8.0,BAIK
2128,54.0,35.0,15.0,18.0,15.0,21.0,SEDANG
2129,77.0,60.0,14.0,24.0,14.0,12.0,SEDANG
2130,33.0,35.0,15.0,11.0,20.0,14.0,BAIK
2131,46.0,39.0,17.0,10.0,23.0,18.0,BAIK
2132,37.0,33.0,16.0,10.0,18.0,12.0,BAIK
2133,42.0,36.0,17.0,15.0,17.0,15.0,BAIK
2134,36.0,43.0,15.0,15.0,32.0,22.0,BAIK
2135,44.0,50.0,15.0,18.0,8.0,10.0,BAIK
2136,49.0,30.0,15.0,14.0,17.0,21.0,BAIK
2137,82.0,55.0,15.0,23.0,24.0,23.0,SEDANG
2138,49.0,36.0,16.0,14.0,28.0,20.0,BAIK
2139,12.0,50.0,15.0,5.0,31.0,12.0,BAIK
2140,13.0,41.0,13.0,5.0,44.0,8.0,BAIK
2141,11.0,50.0,13.0,5.0,46.0,10.0,BAIK
2142,19.0,83.0,22.0,10.0,33.0,13.0,SEDANG
2143,19.0,40.0,24.0,5.0,27.0,10.0,BAIK
2144,15.0,51.0,22.0,6.0,28.0,10.0,SEDANG
2145,11.0,36.0,14.0,7.0,34.0,9.0,BAIK
2146,24.0,41.0,17.0,7.0,29.0,13.0,BAIK
2147,12.0,41.0,19.0,6.0,30.0,10.0,BAIK
2148,51.0,50.0,15.0,7.0,33.0,10.0,SEDANG
2149,52.0,47.0,15.0,7.0,38.0,9.0,SEDANG
2150,18.0,78.0,26.0,9.0,34.0,13.0,SEDANG
2151,19.0,77.0,25.0,10.0,28.0,10.0,SEDANG
2152,11.0,59.0,23.0,5.0,14.0,5.0,SEDANG
2153,10.0,53.0,21.0,4.0,17.0,5.0,SEDANG
2154,17.0,64.0,27.0,7.0,21.0,7.0,SEDANG
2155,14.0,59.0,24.0,11.0,24.0,5.0,SEDANG
2156,14.0,69.0,30.0,15.0,21.0,7.0,SEDANG
2157,24.0,92.0,24.0,18.0,23.0,6.0,SEDANG
2158,16.0,51.0,31.0,8.0,20.0,6.0,SEDANG
2159,14.0,33.04574228527407,30.279826903476607,9.525541793734515,20.435991118197535,17.49520978860941,BAIK
2160,17.0,59.0,48.0,7.0,15.0,5.0,SEDANG
2161,35.0,78.0,42.0,13.0,16.0,5.0,SEDANG
2162,14.0,66.0,18.0,11.0,35.0,5.0,SEDANG
2163,18.0,75.0,28.0,13.0,25.0,4.0,SEDANG
2164,16.0,60.0,29.0,10.0,24.0,6.0,SEDANG
2165,29.0,111.0,24.0,21.0,34.0,8.0,TIDAK SEHAT
2166,20.0,71.0,24.0,9.0,31.0,6.0,SEDANG
2167,59.0,55.0,16.0,16.0,32.0,16.0,SEDANG
2168,32.0,25.0,15.0,7.0,22.0,12.0,BAIK
2169,52.0,54.0,18.0,11.0,28.0,18.0,SEDANG
2170,53.0,44.0,16.0,15.0,21.0,18.0,SEDANG
2171,48.0,40.0,37.323375340631294,13.68501101876977,15.750427916348487,24.174329621974945,BAIK
2172,48.46550906801714,68.0,37.2638179916481,15.590611578653181,24.637218455895763,25.464017403689258,SEDANG
2173,46.0,50.0,20.0,9.0,29.0,19.0,BAIK
2174,54.0,55.0,21.0,11.0,25.0,22.0,SEDANG
2175,52.0,43.0,17.0,9.0,18.0,12.0,SEDANG
2176,29.0,31.0,16.0,6.0,11.0,6.0,BAIK
2177,28.0,26.0,16.0,8.0,10.0,7.0,BAIK
2178,26.0,20.0,16.0,8.0,19.0,15.0,BAIK
2179,24.0,24.0,16.0,8.0,22.0,16.0,BAIK
2180,38.0,36.0,21.0,9.0,25.0,18.0,BAIK
2181,36.0,31.0,17.0,11.0,23.0,18.0,BAIK
2182,47.0,51.0,18.0,13.0,27.0,21.0,SEDANG
2183,42.0,37.0,18.0,12.0,17.0,16.0,BAIK
2184,41.0,36.0,17.0,12.0,20.0,16.0,BAIK
2185,37.0,33.0,16.0,18.0,14.0,12.0,BAIK
2186,53.0,44.0,17.0,19.0,20.0,16.0,SEDANG
2187,71.0,54.0,17.0,20.0,18.0,15.0,SEDANG
2188,45.0,33.0,17.0,13.0,14.0,15.0,BAIK
2189,18.0,19.0,16.0,6.0,13.0,8.0,BAIK
2190,26.0,28.0,16.0,9.0,12.0,8.0,BAIK
2191,23.0,24.0,17.0,7.0,14.0,5.0,BAIK
2192,10.0,59.0,17.0,9.0,28.0,6.0,SEDANG
2193,25.0,92.0,21.0,11.0,39.0,5.0,SEDANG
2194,12.0,54.0,16.0,7.0,42.0,4.0,SEDANG
2195,31.658065905066717,52.0,21.0,6.0,38.0,6.0,SEDANG
2196,18.0,63.0,25.0,10.0,36.0,6.0,SEDANG
2197,30.0,90.0,25.0,11.0,39.0,4.0,SEDANG
2198,15.0,28.0,17.0,2.0,24.0,2.0,BAIK
2199,12.0,61.0,19.0,4.0,29.0,2.0,SEDANG
2200,27.0,75.0,20.0,12.0,30.0,4.0,SEDANG
2201,10.0,77.0,16.0,15.0,29.0,4.0,SEDANG
2202,9.0,100.0,23.0,19.0,27.0,5.0,SEDANG
2203,5.0,54.0,47.0,3.0,28.0,4.0,SEDANG
2204,8.0,73.0,53.0,4.0,35.0,4.0,SEDANG
2205,36.012890184922455,58.0,22.0,4.0,23.0,2.0,SEDANG
2206,21.0,25.0,17.0,2.0,19.0,1.0,BAIK
2207,27.0,47.0,16.0,4.0,13.0,1.0,BAIK
2208,20.0,63.0,30.0,8.0,16.0,2.0,SEDANG
2209,16.0,21.0,16.0,4.0,28.0,11.0,BAIK
2210,27.0,38.0,19.0,6.0,24.0,11.0,BAIK
2211,27.0,55.0,37.0,5.0,34.0,11.0,SEDANG
2212,23.0,58.0,19.0,6.0,27.0,12.0,SEDANG
2213,22.0,72.0,28.0,8.0,38.0,12.0,SEDANG
2214,39.0,64.0,27.0,12.0,38.0,10.0,SEDANG
2215,24.0,60.0,25.0,7.0,34.0,11.0,SEDANG
2216,33.0,59.0,24.0,7.0,29.0,11.0,SEDANG
2217,25.0,77.0,19.0,10.0,44.0,11.0,SEDANG
2218,23.0,73.0,21.0,12.0,39.0,10.0,SEDANG
2219,16.0,52.0,17.0,7.0,32.0,11.0,SEDANG
2220,10.0,20.0,19.0,3.0,24.0,10.0,BAIK
2221,12.0,52.0,26.0,5.0,21.0,12.0,SEDANG
2222,13.0,37.0,35.0,3.0,23.0,13.0,BAIK
2223,36.0,59.0,29.0,16.0,11.0,33.0,SEDANG
2224,51.0,69.0,28.0,14.0,18.0,28.0,SEDANG
2225,35.0,55.0,27.0,14.0,15.0,30.0,SEDANG
2226,29.0,53.0,28.0,13.0,16.0,31.0,SEDANG
2227,43.0,61.0,32.0,15.0,10.0,37.0,SEDANG
2228,54.0,81.0,32.0,20.0,16.0,42.0,SEDANG
2229,25.0,34.0,28.0,8.0,14.0,15.0,BAIK
2230,44.0,72.0,31.0,15.0,18.0,27.0,SEDANG
2231,47.0,70.0,29.0,15.0,17.0,34.0,SEDANG
2232,43.0,64.0,27.0,17.0,11.0,34.0,SEDANG
2233,56.0,75.60591535019856,38.79080215215734,16.914127272292298,25.54429033663466,27.204548633817218,SEDANG
2234,39.0,62.0,42.0,15.0,13.0,37.0,SEDANG
2235,49.0,71.0,37.0,15.0,12.0,38.0,SEDANG
2236,43.0,59.0,31.0,12.0,10.0,23.0,SEDANG
2237,27.0,47.0,29.0,10.0,9.0,14.0,BAIK
2238,26.0,44.0,28.0,10.0,9.0,13.0,BAIK
2239,37.0,57.0,33.0,13.0,6.0,20.0,SEDANG
2240,18.0,40.0,27.0,11.0,13.0,22.0,BAIK
2241,30.0,54.0,31.0,12.0,13.0,31.0,SEDANG
2242,59.0,60.0,36.0,12.0,16.0,31.0,SEDANG
2243,36.0,57.0,29.0,11.0,15.0,25.0,SEDANG
2244,45.0,66.0,30.0,13.0,15.0,29.0,SEDANG
2245,50.0,63.0,29.0,20.0,10.0,26.0,SEDANG
2246,38.0,60.0,29.0,13.0,13.0,23.0,SEDANG
2247,36.0,49.180548748081506,28.0,15.0,8.0,22.0,BAIK
2248,42.0,64.0,27.0,17.0,10.0,28.0,SEDANG
2249,50.0,71.0,26.0,18.0,7.0,26.0,SEDANG
2250,32.0,47.0,27.0,10.0,8.0,19.0,BAIK
2251,17.0,33.0,26.0,6.0,11.0,11.0,BAIK
2252,22.0,37.0,28.0,8.0,11.0,11.0,BAIK
2253,24.0,40.0,30.0,7.0,11.0,8.0,BAIK
2254,49.0,73.0,37.347174256195935,15.98001996011562,26.13236986692558,25.77901287926371,SEDANG
2255,51.0,68.0,30.0,16.0,25.0,7.0,SEDANG
2256,43.0,56.0,29.0,17.0,16.0,10.0,SEDANG
2257,32.0,51.0,30.0,15.0,18.0,7.0,SEDANG
2258,52.0,63.0,37.0,16.0,17.0,15.0,SEDANG
2259,60.0,83.0,31.0,20.0,20.0,15.0,SEDANG
2260,31.0,34.0,28.0,13.0,15.0,12.0,BAIK
2261,51.0,67.0,31.0,17.0,22.0,8.0,SEDANG
2262,59.0,75.0,34.0,23.0,15.0,11.0,SEDANG
2263,51.0,69.0,31.0,22.0,15.0,15.0,SEDANG
2264,37.0,56.0,31.0,14.0,13.0,10.0,SEDANG
2265,48.0,58.0,31.0,14.0,13.0,11.0,SEDANG
2266,51.0,62.0,30.0,16.0,12.0,13.0,SEDANG
2267,26.0,37.0,28.0,14.0,11.0,14.0,BAIK
2268,31.0,47.0,33.7437175221601,12.298854235008461,21.45279921929584,21.2848991430491,BAIK
